Inventory_ID,ISO639P3code,Glottocode,phonemes,consonants,vowels,tones
1,kor,kore1280,40,22,18,0
2,ket,kett1243,32,18,14,0
3,lbe,lakk1252,69,60,9,0
4,kbd,kaba1278,56,49,7,0
5,kat,nucl1302,35,29,6,0
6,bsk,buru1296,53,38,12,3
7,kru,kuru1302,68,46,22,0
8,tel,telu1262,68,47,21,0
9,kfe,kota1263,34,23,11,0
10,unr,mund1320,37,32,5,0
11,khr,khar1287,41,31,10,0
12,kha,khas1269,28,19,9,0
13,sed,seda1262,53,39,14,0
14,khm,cent1989,42,21,21,0
15,vie,viet1252,39,21,12,6
16,cmn,mand1415,43,27,12,4
17,wuu,wuch1236,41,29,9,3
18,hak,hakk1236,31,21,6,4
19,yue,yuec1235,32,22,5,5
20,ium,iumi1238,49,35,8,6
21,njz,nyis1236,27,16,9,2
22,mya,nucl1310,50,34,13,3
23,lhu,lahu1253,40,26,9,5
24,grt,garo1247,26,21,5,0
25,ksw,sgaw1245,39,27,9,3
26,lbc,lakk1238,59,31,22,6
27,tha,thai1261,45,21,18,6
28,pcc,bouy1240,38,24,8,6
29,cja,west2650,35,24,9,2
30,tay,atay1247,27,19,8,0
31,plt,plat1254,36,31,5,0
32,zsm,stan1306,27,21,6,0
33,bbc,bata1289,21,16,5,0
34,snv,saba1265,46,38,8,0
35,sun,sund1252,26,19,7,0
36,jav,java1254,30,22,8,0
37,tgl,taga1270,28,18,10,0
38,cha,cham1312,36,30,6,0
39,iai,iaai1238,52,33,19,0
40,khl,kali1299,28,18,10,0
41,adz,adze1240,25,18,7,0
42,mri,maor1246,20,10,10,0
43,haw,hawa1245,19,9,10,0
44,ant,anta1253,23,17,6,0
45,nna,nyan1301,27,20,7,0
46,kjn,kunj1245,28,23,5,0
47,zmr,mara1386,24,19,5,0
48,mph,maun1240,24,19,5,0
49,nuy,nung1290,24,19,5,0
50,alh,alaw1244,28,23,5,0
51,wim,wikm1247,23,13,10,0
52,set,nucl1632,17,10,7,0
53,kmo,kwom1262,31,24,7,0
54,tml,tamn1235,19,14,5,0
55,tlf,tele1256,27,17,8,2
56,gaj,gads1258,19,9,6,4
57,auy,awiy1238,20,11,6,3
58,kup,kuni1267,20,15,5,0
59,spl,sele1250,21,15,6,0
60,nas,naas1242,18,8,10,0
61,ale,aleu1260,36,30,6,0
62,kal,kala1399,38,32,6,0
63,chp,chip1261,61,39,18,4
64,tol,tolo1259,44,29,15,0
65,hup,hupa1239,42,35,7,0
66,nav,nava1243,54,36,16,2
67,hdn,nort2938,50,47,3,0
68,squ,squa1248,37,30,7,0
69,str,stra1244,43,36,7,0
70,nuk,nuuc1236,47,37,10,0
71,kwk,kwak1269,55,46,9,0
72,ojg,east2542,27,16,11,0
73,unm,unam1242,39,22,17,0
74,wic,wich1260,29,21,8,0
75,lkt,lako1247,36,27,9,0
76,see,sene1264,27,11,16,0
77,one,onei1249,22,10,12,0
78,yuc,yuch1247,64,38,26,0
79,akz,alab1237,21,15,6,0
80,tun,tuni1252,25,18,7,0
81,nez,nezp1238,36,26,10,0
82,nmu,nort2952,24,18,6,0
83,zoc,copa1236,32,26,6,0
84,top,papa1238,26,20,6,0
85,chf,taba1266,37,25,12,0
86,tzh,tzel1254,30,25,5,0
87,tsz,pure1242,32,26,6,0
88,kyh,karo1304,41,27,11,3
89,pom,sout2982,38,27,11,0
90,dih,kumi1248,34,25,9,0
91,zun,zuni1245,54,44,10,0
92,tix,sout2961,41,26,12,3
93,tew,tewa1260,57,34,19,4
94,lui,luis1253,34,23,11,0
95,hop,hopi1249,49,31,18,0
96,ood,toho1245,29,19,10,0
97,ote,mezq1235,58,42,13,3
98,maz,cent2144,63,45,15,3
99,maq,chiq1250,38,26,8,4
100,mig,sanm1295,32,19,10,3
101,cbi,chac1249,28,24,4,0
102,pbb,paez1247,39,29,10,0
103,ito,iton1250,25,19,6,0
104,quh,sout2991,37,32,5,0
105,jqr,jaqa1244,42,36,6,0
106,arn,mapu1245,26,20,6,0
107,crb,isla1278,29,17,12,0
108,wap,wapi1253,29,17,12,0
109,guc,wayu1243,46,28,18,0
110,cni,asha1243,21,17,4,0
111,ign,igna1246,25,21,4,0
112,ame,yane1238,29,23,6,0
113,jiv,shua1257,24,16,8,0
114,bao,waim1255,25,11,12,2
115,tca,ticu1245,38,18,11,9
116,car,gali1262,28,16,12,0
117,oca,ocai1244,38,27,9,2
118,srq,siri1273,28,18,10,0
119,gug,para1311,36,24,12,0
120,amc,amah1246,22,14,8,0
121,cao,chac1251,21,17,4,0
122,apn,apin1244,49,14,35,0
123,rif,tari1263,49,45,4,0
124,hau,haus1257,45,32,10,3
125,anc,ngas1240,44,30,11,3
126,mrt,marg1265,44,36,6,2
127,som,soma1255,52,30,20,2
128,awn,awng1244,39,28,7,4
129,irk,iraq1241,48,33,12,3
130,tig,tigr1270,54,47,7,0
131,amh,amha1245,59,52,7,0
132,arz,egyp1253,67,58,9,0
133,ary,moro1292,78,74,4,0
134,mlt,malt1254,55,45,10,0
135,heb,hebr1245,30,24,6,0
136,xtc,katc1250,32,23,7,2
137,xpe,libe1247,49,32,14,3
138,wol,nucl1347,40,26,14,0
139,dag,dagb1246,37,24,11,2
140,aka,akan1250,40,22,15,3
141,gaa,gaaa1244,47,32,12,3
142,ewe,ewee1241,45,28,14,3
143,ibo,nucl1417,65,46,16,3
144,beq,beem1239,41,19,20,2
145,swh,swah1253,36,31,5,0
146,lue,luva1239,36,22,10,4
147,zul,zulu1248,43,35,5,3
148,gbp,gbay1287,45,31,12,2
149,ses,koyr1242,48,33,15,0
150,knc,cent2050,35,25,6,4
151,lgg,lugb1240,42,26,13,3
152,fia,nobi1240,45,33,10,2
153,luo,luok1236,35,23,9,3
154,mas,masa1300,43,21,18,4
155,naq,nama1265,33,19,8,6
156,gle,iris1253,68,44,24,0
157,bre,bret1244,42,25,17,0
158,isl,icel1247,39,23,16,0
159,nob,norw1259,48,27,19,2
160,eng,stan1293,40,27,13,0
161,deu,stan1295,39,23,16,0
162,fra,stan1290,40,23,17,0
163,por,port1283,38,23,15,0
164,spa,stan1288,25,20,5,0
165,ron,roma1327,31,22,9,0
166,rus,russ1263,38,33,5,0
167,bul,bulg1262,49,37,12,0
168,lit,lith1251,47,36,11,0
169,als,tosk1239,35,28,7,0
170,ell,mode1248,26,21,5,0
171,hye,nucl1235,37,30,7,0
172,pes,west2369,30,24,6,0
173,pst,cent1973,38,31,7,0
174,kas,kash1277,56,27,29,0
175,pan,panj1256,73,50,20,3
176,hin,hind1269,94,71,23,0
177,ben,beng1280,53,36,17,0
178,sin,sinh1246,53,37,16,0
179,eus,basq1248,28,23,5,0
180,fin,finn1318,42,25,17,0
181,mhr,east2328,34,25,9,0
182,kpv,komi1268,36,29,7,0
183,hun,hung1274,65,50,15,0
184,kca,khan1273,32,19,13,0
185,yrk,nene1249,34,26,8,0
186,tur,nucl1301,40,24,16,0
187,azj,nort2697,34,25,9,0
188,kir,kirg1245,36,20,16,0
189,chv,chuv1255,39,30,9,0
190,sah,yaku1245,49,33,16,0
191,khk,halh1238,35,21,14,0
192,eve,even1260,36,18,18,0
193,ykg,nort2745,32,20,12,0
194,niv,gily1242,44,34,10,0
195,ckt,chuk1273,22,15,7,0
196,ain,ainu1240,17,12,5,0
197,jpn,nucl1643,40,27,11,2
198,aal,afad1236,36,27,9,NA
199,acv,achu1247,23,17,6,NA
200,adz,adze1240,25,18,7,NA
201,aer,east2379,30,27,3,NA
202,aey,amel1241,20,15,5,NA
203,agm,anga1290,21,12,9,NA
204,agq,aghe1239,35,25,10,NA
205,ahp,apro1235,33,24,9,NA
206,aht,ahte1237,35,30,5,NA
207,ain,ainu1240,16,11,5,NA
208,aka,akan1250,35,21,14,NA
209,ake,akaw1239,23,13,10,NA
210,akz,alab1237,17,14,3,NA
211,alc,qawa1238,19,16,3,NA
212,ald,alla1248,36,25,11,NA
213,ale,aleu1260,27,24,3,NA
214,alh,alaw1244,26,22,4,NA
215,als,tosk1239,35,28,7,NA
216,amc,amah1246,22,14,8,NA
217,ame,yane1238,26,23,3,NA
218,amf,hame1242,35,25,10,NA
219,amh,amha1245,37,30,7,NA
220,amo,amoo1242,35,25,10,NA
221,amp,alam1246,25,18,7,NA
222,amu,guer1243,37,25,12,NA
223,anc,ngas1240,43,32,11,NA
224,ano,ando1256,26,11,15,NA
225,ant,anta1253,20,17,3,NA
226,apn,apin1244,30,13,17,NA
227,apq,apuc1241,24,16,8,NA
228,aqc,arch1244,91,81,10,NA
229,arl,arab1268,18,11,7,NA
230,arn,mapu1245,26,20,6,NA
231,arz,egyp1253,35,27,8,NA
232,auc,waor1240,21,11,10,NA
233,ava,avar1256,49,44,5,NA
234,awn,awng1244,35,28,7,NA
235,axb,abip1241,20,15,5,NA
236,azj,nort2697,33,24,9,NA
237,bak,bash1264,38,27,11,NA
238,bam,bamb1269,35,21,14,NA
239,bao,waim1255,23,11,12,NA
240,bba,baat1238,30,18,12,NA
241,bbc,bata1289,21,16,5,NA
242,bbl,bats1242,45,35,10,NA
243,bbo,nort2819,33,21,12,NA
244,bca,cent2004,29,18,11,NA
245,bcj,bard1255,24,17,7,NA
246,bcs,kohu1244,38,28,10,NA
247,bdl,indo1317,32,26,6,NA
248,xjb,twee1234,16,12,4,NA
249,bej,beja1238,26,21,5,NA
250,ben,beng1280,43,29,14,NA
251,beq,beem1239,26,16,10,NA
252,bev,dalo1238,37,24,13,NA
253,bib,biss1248,24,18,6,NA
254,bkq,baka1277,29,17,12,NA
255,blc,bell1243,31,28,3,NA
256,bmr,muin1242,28,22,6,NA
257,bom,bero1242,29,22,7,NA
258,bor,boro1282,20,13,7,NA
259,brb,lave1249,31,22,9,NA
260,bre,bret1244,45,25,20,NA
261,brh,brah1256,33,24,9,NA
262,brv,west2397,42,20,22,NA
263,brx,bodo1269,21,15,6,NA
264,bsk,buru1296,43,38,5,NA
265,bul,bulg1262,42,36,6,NA
266,bvr,bura1267,21,16,5,NA
267,byx,qaqe1238,22,14,8,NA
268,bzd,brib1243,27,18,9,NA
269,cad,cadd1256,23,20,3,NA
270,cag,niva1238,28,22,6,NA
271,caq,carn1240,25,16,9,NA
272,car,gali1262,22,16,6,NA
273,cbi,chac1249,28,24,4,NA
274,cbn,nyah1250,50,26,24,NA
275,cbv,cacu1241,22,12,10,NA
276,cdo,mind1253,21,14,7,NA
277,cha,cham1312,26,20,6,NA
278,chp,chip1261,52,38,14,NA
279,chq,quio1240,41,26,15,NA
280,chr,cher1273,17,11,6,NA
281,chv,chuv1255,30,21,9,NA
282,cja,west2650,32,21,11,NA
283,cjh,uppe1439,34,30,4,NA
284,cjv,chua1250,17,12,5,NA
285,ckt,chuk1273,22,15,7,NA
286,cmn,mand1415,32,25,7,NA
287,cnh,haka1240,52,45,7,NA
288,cni,asha1243,19,15,4,NA
289,con,cofa1242,35,30,5,NA
290,cou,wame1240,46,39,7,NA
291,cqd,chua1256,56,46,10,NA
292,crb,isla1278,27,16,11,NA
293,ctd,tedi1235,26,21,5,NA
294,ctp,west2644,25,16,9,NA
295,cub,cube1242,23,11,12,NA
296,cyb,cayu1262,33,17,16,NA
297,daa,dang1274,28,21,7,NA
298,daf,dann1241,39,19,20,NA
299,dag,dagb1246,29,23,6,NA
300,daj,darf1239,30,24,6,NA
301,dal,daha1245,59,54,5,NA
302,njz,nyis1236,24,15,9,NA
303,dbl,dyir1250,16,13,3,NA
304,deu,stan1295,41,22,19,NA
305,dif,dier1241,25,22,3,NA
306,dih,kumi1248,34,25,9,NA
307,dip,nort2815,32,19,13,NA
308,dni,lowe1415,24,12,12,NA
309,doc,nort2735,27,20,7,NA
310,dow,doya1240,34,22,12,NA
311,dru,ruka1240,27,23,4,NA
312,dta,daur1238,29,22,7,NA
313,dts,toro1252,28,16,12,NA
314,duj,dhuw1249,23,20,3,NA
315,dyo,jola1263,29,19,10,NA
316,efi,efik1245,20,13,7,NA
317,ekg,ekar1243,15,10,5,NA
318,ell,mode1248,26,21,5,NA
319,ess,cent2128,36,32,4,NA
320,etu,ejag1239,27,20,7,NA
321,eus,basq1248,28,23,5,NA
322,eve,even1260,27,17,10,NA
323,ewe,ewee1241,40,26,14,NA
324,ewo,ewon1239,34,26,8,NA
325,eya,eyak1241,45,32,13,NA
326,faa,fasu1242,21,11,10,NA
327,fia,nobi1240,21,16,5,NA
328,fij,fiji1243,30,19,11,NA
329,fin,finn1318,25,17,8,NA
330,fmp,fefe1239,25,17,8,NA
331,fra,stan1290,37,21,16,NA
332,fun,fuln1247,30,18,12,NA
333,fvr,furr1244,30,19,11,NA
334,fwa,fwai1237,35,19,16,NA
335,gaa,gaaa1244,41,29,12,NA
336,gaj,gads1258,15,9,6,NA
337,wrk,gara1269,22,19,3,NA
338,gbp,gbay1287,43,31,12,NA
339,gbr,gbag1258,26,20,6,NA
340,gqu,qaua1234,43,31,12,NA
341,gld,nana1257,24,18,6,NA
342,gle,iris1253,69,45,24,NA
343,dwr,dawr1236,29,24,5,NA
344,guc,wayu1243,26,14,12,NA
345,gug,para1311,36,24,12,NA
346,guh,guah1255,29,17,12,NA
347,gum,guam1248,24,18,6,NA
348,guq,ache1246,21,11,10,NA
349,gvn,kuku1273,16,13,3,NA
350,hak,hakk1236,22,16,6,NA
351,hau,haus1257,38,31,7,NA
352,haw,hawa1245,13,8,5,NA
353,hdn,nort2938,49,46,3,NA
354,hin,hind1269,61,40,21,NA
355,hix,hixk1239,23,18,5,NA
356,hop,hopi1249,28,22,6,NA
357,hts,hadz1240,62,57,5,NA
358,hun,hung1274,40,26,14,NA
359,hup,hupa1239,35,28,7,NA
360,hus,huas1242,26,21,5,NA
361,huv,sanm1287,29,23,6,NA
362,hye,nucl1235,36,30,6,NA
363,iai,iaai1238,52,36,16,NA
364,iba,iban1264,25,19,6,NA
365,ibo,nucl1417,59,43,16,NA
366,ign,igna1246,25,21,4,NA
367,ijc,izon1238,37,19,18,NA
368,ikx,ikkk1242,44,31,13,NA
369,irh,irar1238,19,12,7,NA
370,irk,iraq1241,45,33,12,NA
371,irn,iran1263,39,21,18,NA
372,iso,isok1239,37,28,9,NA
373,itl,itel1242,32,27,5,NA
374,ito,iton1250,25,19,6,NA
375,ium,iumi1238,41,33,8,NA
376,ivv,ivat1242,23,19,4,NA
377,iwm,iwam1256,17,11,6,NA
378,jac,popt1235,32,27,5,NA
379,jao,yany1243,32,29,3,NA
380,jav,java1254,29,21,8,NA
381,jeb,jebe1250,23,19,4,NA
382,jic,toll1241,28,22,6,NA
383,jiv,shua1257,23,15,8,NA
384,jpn,nucl1643,20,15,5,NA
385,jqr,jaqa1244,39,36,3,NA
386,jru,japr1238,24,12,12,NA
387,kac,kach1280,30,25,5,NA
388,kal,kala1399,22,19,3,NA
389,kas,kash1277,55,27,28,NA
390,kat,nucl1302,34,28,6,NA
391,kbd,kaba1278,56,49,7,NA
392,kbh,cams1241,28,22,6,NA
393,kbk,gras1249,16,11,5,NA
394,kbr,kafa1242,27,22,5,NA
395,kbv,dera1245,17,11,6,NA
396,kca,khan1273,32,19,13,NA
397,kek,kekc1242,26,21,5,NA
398,ker,kera1255,30,24,6,NA
399,ket,kett1243,25,18,7,NA
400,kfe,kota1263,28,23,5,NA
401,kff,koya1251,24,19,5,NA
402,kgp,kain1272,27,13,14,NA
403,kha,khas1269,29,21,8,NA
404,khb,luuu1242,31,22,9,NA
405,khk,halh1238,33,21,12,NA
406,khl,lusi1240,21,16,5,NA
407,khm,cent1989,42,21,21,NA
408,khr,khar1287,36,31,5,NA
409,kio,kiow1266,42,22,20,NA
410,kir,kirg1245,30,22,8,NA
411,kjd,sout2949,19,12,7,NA
412,kjg,khmu1256,41,23,18,NA
413,kjq,west2632,51,39,12,NA
414,kjs,east2516,20,15,5,NA
415,kkw,teke1280,28,21,7,NA
416,kla,klam1254,37,33,4,NA
417,klu,klao1243,27,11,16,NA
418,kmo,kwom1262,31,24,7,NA
419,kmr,nort2641,47,30,17,NA
420,kna,dera1248,35,24,11,NA
421,knc,cent2050,29,23,6,NA
422,knn,konk1267,37,19,18,NA
423,kor,kore1280,32,21,11,NA
424,kpk,kpan1246,34,24,10,NA
425,kpm,koho1244,37,27,10,NA
426,kpv,komi1268,33,26,7,NA
427,kpy,kory1246,21,16,5,NA
428,kpz,kups1238,26,14,12,NA
429,kru,kuru1302,32,21,11,NA
430,ksw,sgaw1245,36,27,9,NA
431,ktg,kalk1246,23,20,3,NA
432,ktz,juho1239,141,95,46,NA
433,kun,kuna1268,26,19,7,NA
434,kup,kuni1267,20,15,5,NA
435,kvn,bord1248,21,16,5,NA
436,kwd,kwai1243,21,16,5,NA
437,kwk,kwak1269,48,42,6,NA
438,kyh,karo1304,27,16,11,NA
439,lbc,lakk1238,55,33,22,NA
440,lbe,lakk1252,69,60,9,NA
441,lef,lele1264,34,22,12,NA
442,lgg,lugb1240,36,26,10,NA
443,lhu,lahu1253,35,26,9,NA
444,lit,lith1251,52,36,16,NA
445,lkt,lako1247,36,28,8,NA
446,lme,peve1243,38,30,8,NA
447,lui,luis1253,26,21,5,NA
448,luo,luok1236,32,23,9,NA
449,lut,lush1252,37,33,4,NA
450,maq,chiq1250,33,25,8,NA
451,mas,masa1300,28,19,9,NA
452,maz,cent2144,60,45,15,NA
453,mbl,maxa1247,20,10,10,NA
454,mcu,came1252,25,19,6,NA
455,mdd,mbum1254,38,30,8,NA
456,mde,maba1277,29,22,7,NA
457,mdx,dizi1235,30,24,6,NA
458,mfc,mbaa1245,31,24,7,NA
459,mhj,mogh1245,29,24,5,NA
460,mhr,east2328,33,25,8,NA
461,mig,sanm1295,25,15,10,NA
462,mjg,tuuu1240,28,23,5,NA
463,mnc,manc1252,25,18,7,NA
464,moq,morb1239,19,14,5,NA
465,mor,moro1285,29,22,7,NA
466,mpb,mull1237,19,14,5,NA
467,mph,maun1240,22,17,5,NA
468,mps,dadi1250,23,13,10,NA
469,mqs,west2600,23,17,6,NA
470,mrt,marg1265,34,30,4,NA
471,mrw,mara1404,17,13,4,NA
472,mto,toto1305,23,14,9,NA
473,mur,murl1244,26,21,5,NA
474,mwf,murr1258,25,21,4,NA
475,mwp,kala1377,24,18,6,NA
476,mya,nucl1310,46,33,13,NA
477,myp,pira1253,11,8,3,NA
478,mzm,nucl1240,34,23,11,NA
479,mzp,movi1243,23,18,5,NA
480,nab,sout2994,43,25,18,NA
481,nan,minn1241,25,19,6,NA
482,naq,nama1264,41,32,9,NA
483,nas,naas1242,13,8,5,NA
484,nav,nava1243,47,31,16,NA
485,nxq,naxi1245,49,38,11,NA
486,ncj,nort2957,20,16,4,NA
487,ndv,ndut1239,34,27,7,NA
488,nep,east1436,39,27,12,NA
489,new,newa1246,32,24,8,NA
490,nez,nezp1238,30,25,5,NA
491,ngi,ngiz1242,40,34,6,NA
492,nhu,noon1243,33,19,14,NA
493,nie,niel1243,36,23,13,NA
494,nio,ngan1291,29,20,9,NA
495,nir,nucl1633,18,12,6,NA
496,niv,gily1242,35,28,7,NA
497,njo,aona1235,20,14,6,NA
498,nmu,nort2952,23,17,6,NA
499,nob,norw1259,46,22,24,NA
500,nuk,nuuc1236,42,37,5,NA
501,nrb,nara1262,22,17,5,NA
502,nut,nung1283,32,21,11,NA
503,nuy,nung1290,23,19,4,NA
504,nyi,amas1236,25,18,7,NA
505,nyp,nyan1313,25,18,7,NA
506,oca,ocai1244,34,25,9,NA
507,ogb,ogbi1239,34,24,10,NA
508,ojg,east2542,27,16,11,NA
509,ood,toho1245,24,19,5,NA
510,oru,ormu1247,31,25,6,NA
511,pac,paco1243,33,18,15,NA
512,pay,pech1241,28,18,10,NA
513,pbb,paez1247,37,29,8,NA
514,pbh,enap1235,25,12,13,NA
515,pcc,bouy1240,34,23,11,NA
516,pes,west2369,30,24,6,NA
517,plt,plat1254,25,21,4,NA
518,pom,sout2982,32,27,5,NA
519,pon,pohn1238,20,14,6,NA
520,prk,para1301,77,34,43,NA
521,pst,cent1973,38,31,7,NA
522,pwn,paiw1248,26,22,4,NA
523,pww,pwon1235,37,25,12,NA
524,quh,sout2991,36,31,5,NA
525,qui,quil1240,37,33,4,NA
526,rgr,resi1247,35,30,5,NA
527,ron,roma1327,32,22,10,NA
528,roo,roto1249,11,6,5,NA
529,rro,waim1251,14,9,5,NA
530,rus,russ1263,38,33,5,NA
531,rut,rutu1240,64,59,5,NA
532,sad,sand1273,54,47,7,NA
533,sag,sang1328,37,26,11,NA
534,sah,yaku1245,34,22,12,NA
535,sed,seda1262,55,41,14,NA
536,see,sene1264,19,11,8,NA
537,sef,ceba1235,36,24,12,NA
538,sel,selk1253,34,18,16,NA
539,ses,koyr1242,24,15,9,NA
540,set,nucl1632,17,10,7,NA
541,shb,nina1238,25,13,12,NA
542,shi,tach1250,31,28,3,NA
543,shs,shus1248,44,37,7,NA
544,sht,shas1239,21,17,4,NA
545,sin,sinh1246,36,22,14,NA
546,sja,epen1239,31,17,14,NA
547,skd,sout2985,21,15,6,NA
548,slc,sali1298,32,22,10,NA
549,sma,sout2674,45,39,6,NA
550,snn,sion1247,30,18,12,NA
551,snv,saba1265,26,19,7,NA
552,som,soma1255,32,22,10,NA
553,spa,stan1288,25,20,5,NA
554,spl,sele1250,21,15,6,NA
555,sqt,soqo1240,34,28,6,NA
556,srq,siri1273,28,16,12,NA
557,ntu,natu1246,47,30,17,NA
558,sue,suen1241,18,13,5,NA
559,svs,savo1255,22,17,5,NA
560,swi,suii1243,54,47,7,NA
561,taj,east2347,29,19,10,NA
562,tay,atay1247,26,19,7,NA
563,tba,aika1237,32,22,10,NA
564,tbi,gaam1241,33,24,9,NA
565,tca,ticu1245,29,18,11,NA
566,tcy,tulu1258,37,24,13,NA
567,teh,tehu1242,35,28,7,NA
568,tel,telu1262,43,32,11,NA
569,tem,timn1235,25,17,8,NA
570,teq,nucl1339,25,18,7,NA
571,tet,tetu1245,19,14,5,NA
572,tgc,tiga1245,17,12,5,NA
573,tgl,taga1270,23,18,5,NA
574,tha,thai1261,30,21,9,NA
575,thv,taha1241,37,25,12,NA
576,tig,tigr1270,33,26,7,NA
577,tiw,tiwi1244,26,22,4,NA
578,tiy,tiru1241,22,16,6,NA
579,tli,tlin1245,48,43,5,NA
580,tlo,talo1250,21,14,7,NA
581,tma,tama1331,30,21,9,NA
582,tml,tamn1235,17,11,6,NA
583,tna,taca1256,22,18,4,NA
584,tnl,lena1238,21,15,6,NA
585,top,papa1238,22,16,6,NA
586,tpm,tamp1252,33,24,9,NA
587,tpx,acat1239,30,20,10,NA
588,tpy,trum1247,24,18,6,NA
589,tqo,toar1246,14,8,6,NA
590,tqw,tonk1249,25,15,10,NA
591,trg,lish1246,40,24,16,NA
592,tsi,nucl1649,41,38,3,NA
593,tsu,tsou1248,21,15,6,NA
594,tsz,pure1242,39,33,6,NA
595,ttr,tera1251,48,42,6,NA
596,tun,tuni1252,24,17,7,NA
597,tur,nucl1301,33,25,8,NA
598,twf,nort1550,38,26,12,NA
599,tyv,tuvi1240,29,20,9,NA
600,tzh,tzel1254,28,22,6,NA
601,ung,ngar1284,24,18,6,NA
602,unr,mund1320,37,32,5,NA
603,uzn,nort2690,30,24,6,NA
604,vam,vani1248,28,12,16,NA
605,vie,viet1252,36,22,14,NA
606,vmb,mbab1239,24,20,4,NA
607,wao,wapp1239,35,30,5,NA
608,wap,wapi1253,25,17,8,NA
609,wba,wara1303,21,11,10,NA
610,wgi,nucl1620,23,17,6,NA
611,wic,wich1260,29,21,8,NA
612,wim,wikm1247,18,13,5,NA
613,wit,wint1259,35,30,5,NA
614,wiy,wiyo1248,29,24,5,NA
615,wnc,want1252,21,14,7,NA
616,wnu,usan1239,20,14,6,NA
617,woi,kama1365,28,16,12,NA
618,wol,nucl1347,40,26,14,NA
619,wrs,wari1266,22,13,9,NA
620,wrz,wara1290,21,16,5,NA
621,wti,bert1248,29,24,5,NA
622,wuu,wuch1236,34,25,9,NA
623,wyb,wang1291,18,15,3,NA
624,xaw,kawa1283,31,25,6,NA
625,xom,komo1258,31,23,8,NA
626,xpe,libe1247,34,22,12,NA
627,xtc,katc1249,27,22,5,NA
628,yad,yagu1244,23,11,12,NA
629,yaq,yaqu1251,22,17,5,NA
630,ycn,yucu1253,21,16,5,NA
631,yer,taro1263,32,26,6,NA
632,ygr,yaga1260,23,14,9,NA
633,yii,yidi1250,16,13,3,NA
634,ykg,nort2745,26,20,6,NA
635,ynn,yana1271,30,22,8,NA
636,yor,yoru1245,29,18,11,NA
637,yrb,yare1248,18,13,5,NA
638,yrk,nene1249,35,27,8,NA
639,yss,yess1239,20,16,4,NA
640,yua,yuca1254,30,20,10,NA
641,yuc,yuch1247,46,38,8,NA
642,yue,yuec1235,25,20,5,NA
643,yul,yulu1243,42,35,7,NA
644,yva,nucl1454,19,14,5,NA
645,zne,zand1248,35,19,16,NA
646,zoc,copa1236,22,16,6,NA
647,zul,zulu1248,37,32,5,NA
648,zun,zuni1245,25,20,5,NA
649,abi,abid1235,39,21,18,0
650,adj,adio1239,31,21,7,3
651,ajg,ajab1235,45,28,12,5
652,ajg,ajab1235,37,23,14,0
653,mtb,anyi1244,37,21,16,0
654,ahl,igoo1238,33,23,7,3
655,aka,akan1250,31,18,9,4
656,bss,akoo1248,44,22,18,4
657,anc,ngas1240,36,24,9,3
658,cko,anuf1239,43,22,19,2
659,apd,suda1236,62,54,8,0
660,avu,avok1242,55,37,14,4
661,bav,veng1238,82,56,17,9
662,bfd,bafu1246,49,21,18,10
663,bkc,baka1272,38,25,7,6
664,bam,bamb1269,43,20,21,2
665,bfl,band1345,45,32,8,5
666,bfl,band1345,46,33,10,3
667,bza,band1352,48,23,21,4
668,bci,baou1238,37,21,12,4
669,bba,baat1238,31,17,12,2
670,bas,basa1284,41,29,7,5
671,bsq,nucl1418,36,22,7,7
672,bud,ntch1242,30,21,6,3
673,btg,gagn1235,51,23,26,2
674,bkv,bekw1241,36,23,10,3
675,bom,bero1242,31,24,7,0
676,nhb,beng1286,49,24,19,6
677,bhy,bhel1238,28,19,7,2
678,beh,bial1238,27,14,10,3
679,bim,bimo1239,44,22,18,4
680,bib,biss1248,41,23,15,3
681,bbo,nort2819,40,20,18,2
682,bqc,boko1266,34,19,12,3
683,bzx,hain1253,34,20,14,0
684,bum,bulu1251,36,24,7,5
685,cme,cerm1238,46,21,21,4
686,ncu,chum1261,30,21,9,0
687,dbq,nucl1683,47,36,6,5
688,dga,sout2789,54,24,27,3
689,dgi,nort2780,41,29,9,3
690,dag,dagb1246,31,23,6,2
691,daf,dann1241,48,20,23,5
692,ada,adan1247,39,23,12,4
693,dzg,daza1242,32,21,11,0
694,luo,luok1236,38,26,9,3
695,dic,lako1244,57,27,27,3
696,dyu,dyul1238,39,23,14,2
697,tbz,dita1238,32,17,12,3
698,dow,doya1240,48,22,22,4
699,dts,toro1252,42,21,21,0
700,dua,dual1243,33,21,7,5
701,dug,duru1249,49,42,5,2
702,igb,ebir1243,31,19,9,3
703,ewe,ewee1241,42,27,12,3
704,bin,bini1246,48,25,21,2
705,eza,ezaa1238,38,27,9,2
706,etu,ejag1239,32,21,7,4
707,ema,emai1241,48,27,21,0
708,enn,enge1239,33,20,10,3
709,ewo,ewon1239,25,15,7,3
710,fmp,fefe1239,44,23,16,5
711,fon,fonn1241,42,24,14,4
712,fub,adam1253,34,24,10,0
713,fuq,cent2018,37,27,10,0
714,ffm,maas1239,37,27,10,0
715,fuh,west2454,32,27,5,0
716,flr,fuli1240,35,25,10,0
717,gaa,gaaa1244,38,24,12,2
718,gng,ngan1299,39,22,14,3
719,gya,nort2775,53,30,19,4
720,gbp,gbay1287,45,29,12,4
721,gej,genn1243,44,27,14,3
722,gej,genn1243,40,25,12,3
723,god,godi1239,42,26,13,3
724,gjn,gonj1241,39,23,14,2
725,gbo,nort2810,36,19,13,4
726,gde,gude1246,36,30,4,2
727,gux,gour1243,33,20,10,3
728,hag,hang1258,29,23,6,0
729,hau,haus1257,43,33,10,0
730,hau,haus1257,31,25,6,0
731,ife,ifee1241,34,19,12,3
732,ibo,nucl1417,36,28,8,0
733,ige,iged1239,38,24,10,4
734,ijs,sout2774,44,24,18,2
735,iqw,ikwo1238,40,29,9,2
736,izz,izii1239,51,40,9,2
737,dyo,jola1263,29,19,10,0
738,bex,jurm1239,49,31,18,0
739,kbp,kabi1261,47,24,23,0
740,kkj,kako1242,50,33,13,4
741,bqx,baan1242,56,28,27,1
742,knc,cent2050,25,18,7,0
743,kza,west2466,45,20,21,4
744,kzr,kara1478,40,30,6,4
745,xsm,kase1253,40,19,20,1
746,xsm,kase1253,45,21,20,4
747,ozm,koon1245,52,22,24,6
748,kik,kiku1240,32,18,14,0
749,kqs,nort2765,42,22,20,0
750,bkm,komc1235,75,59,9,7
751,kmw,komo1260,35,24,7,4
752,xon,konk1269,42,22,12,8
753,xpe,libe1247,45,21,21,3
754,gkp,guin1254,35,27,8,0
755,krs,gbay1288,56,41,10,5
756,kri,krio1253,32,22,10,0
757,ted,tepo1239,39,17,18,4
758,kuj,kuri1259,22,15,7,0
759,kus,kusa1250,44,22,22,0
760,las,lama1275,53,17,33,3
761,lln,lele1276,36,23,10,3
762,led,lend1245,55,43,8,4
763,lom,loma1260,42,28,14,0
764,lok,loko1255,25,18,7,0
765,lig,ligb1244,38,22,14,2
766,lia,west2450,24,17,7,0
767,lmp,limb1268,35,22,7,6
768,lin,ling1263,22,15,7,0
769,dop,lukp1238,37,17,20,0
770,lug,gand1255,33,19,10,4
771,lgg,lugb1240,39,26,10,3
772,lee,lyel1241,44,24,16,4
773,mcu,came1252,40,24,12,4
774,mzk,nige1255,43,25,16,2
775,maw,mamp1244,32,22,10,0
776,mlq,west2500,27,20,7,0
777,emk,east2426,36,20,14,2
778,mdj,mang1394,47,36,9,2
779,mwk,kita1249,33,19,14,0
780,muh,mund1326,41,29,9,3
781,mfn,cros1244,37,28,7,2
782,mbo,mboc1235,31,20,7,4
783,mcp,maka1304,55,30,21,4
784,men,mend1266,34,23,7,4
785,mgo,meta1238,33,20,8,5
786,myk,mama1271,50,29,19,2
787,mzw,degg1238,52,22,30,0
788,mif,mofu1248,44,35,7,2
789,mos,moss1236,43,17,24,2
790,moa,mwan1250,39,21,12,6
791,mnf,mund1327,41,23,14,4
792,mkw,kitu1245,22,17,5,0
793,mur,murl1244,34,20,14,0
794,sur,mwag1236,37,25,12,0
795,nfr,nafa1258,44,25,19,0
796,nmz,nawd1238,35,21,14,0
797,nuv,nort2784,54,21,30,3
798,lem,noma1260,30,14,14,2
799,sba,ngam1268,34,18,13,3
800,nga,ngba1285,34,22,12,0
801,ngb,nort2774,31,19,12,0
802,nnh,ngie1241,28,17,7,4
803,nwb,nyab1255,44,24,16,4
804,lns,lamn1239,45,26,12,7
805,yas,nugu1242,26,15,7,4
806,nup,nupe1254,38,25,8,5
807,mhi,madi1260,38,24,10,4
808,pbi,park1239,35,31,4,0
809,fuc,pula1263,38,28,10,0
810,fuf,pula1262,38,28,10,0
811,rel,rend1243,33,21,10,2
812,spy,saba1262,31,13,18,0
813,sag,sang1328,44,26,12,6
814,sag,sang1328,42,26,12,4
815,seq,sena1262,51,19,28,4
816,srr,sere1260,43,33,10,0
817,sld,siss1242,51,22,27,2
818,sld,siss1242,42,24,18,0
819,khq,koyr1240,36,21,15,0
820,snk,soni1259,39,24,15,0
821,snk,soni1259,52,34,14,4
822,sus,susu1250,35,21,14,0
823,swh,swah1253,37,32,5,0
824,ttq,tawa1286,37,23,14,0
825,taq,tama1365,43,22,21,0
826,yer,taro1263,37,27,7,3
827,lor,teen1242,38,28,10,0
828,tuq,teda1241,35,24,11,0
829,kdh,temm1241,36,25,9,2
830,tfi,tofi1235,41,23,14,4
831,tem,timn1235,30,17,9,4
832,tik,tika1246,46,27,14,5
833,toq,topo1242,27,17,9,1
834,neb,tour1242,50,19,27,4
835,tsp,nort2787,35,16,14,5
836,vag,vagl1239,54,24,30,0
837,vut,vute1244,59,30,24,5
838,wwa,waam1244,41,13,25,3
839,wan,wann1242,36,21,12,3
840,wob,weno1238,48,15,27,6
841,wol,nucl1347,54,38,16,0
842,yam,yamb1251,38,26,8,4
843,yat,yamb1252,28,18,8,2
844,yre,yaou1238,45,23,18,4
845,ybb,yemb1246,35,21,8,6
846,pil,yomm1242,38,25,9,4
847,yor,yoru1245,31,19,12,0
848,yor,yoru1245,32,18,11,3
849,zne,zand1248,32,24,5,3
850,dje,zarm1239,40,20,16,4
851,gnd,zulg1242,34,29,2,3
852,fwe,fwee1238,60,50,10,0
853,yey,yeyi1239,90,77,13,0
854,cav,cavi1250,24,20,4,0
855,ccc,cham1318,29,19,10,0
856,che,chec1245,44,32,12,0
857,cdm,chep1245,24,18,6,0
858,mhr,east2328,27,19,8,0
859,cle,leal1235,35,28,7,0
860,ctu,chol1282,26,20,6,0
861,crw,chra1242,33,20,13,0
862,boi,barb1263,40,34,6,0
863,crd,coeu1236,48,40,8,0
864,com,coma1245,18,12,6,0
865,cup,cupe1243,38,27,11,0
866,cuv,cuvo1236,29,27,2,0
867,anv,deny1238,30,22,8,0
868,kxl,nepa1253,39,34,5,0
869,aoj,mufi1238,22,17,5,0
870,usa,usar1243,22,17,5,0
871,kpr,kora1295,24,19,5,0
872,bjr,binu1245,16,11,5,0
873,ego,eggo1239,42,30,7,5
874,ekp,ekpe1253,37,24,9,4
875,enb,endo1242,36,13,20,3
876,ags,esim1238,37,29,8,0
877,fan,fang1246,41,25,16,0
878,fuu,furu1242,41,31,10,0
879,gbd,kara1476,20,17,3,0
880,gby,gbar1246,31,24,7,0
881,gvf,goli1247,23,13,10,0
882,gub,guaj1255,21,14,7,0
883,gup,gunw1252,24,19,5,0
884,hay,haya1250,29,19,10,0
885,wya,huro1249,17,11,6,0
886,hch,huic1243,25,15,10,0
887,qwh,huay1240,30,20,10,0
888,huv,sanm1287,24,18,6,0
889,qxw,jauj1238,27,22,5,0
890,lyn,luya1241,22,17,5,0
891,iby,iban1261,38,25,10,3
892,imn,imon1245,23,13,10,0
893,inh,ingu1240,48,35,13,0
894,ksi,kris1246,18,9,5,4
895,yal,yalu1240,33,19,14,0
896,izr,izer1241,39,28,11,0
897,jaa,jama1261,15,11,4,0
898,tow,jeme1245,61,39,22,0
899,mgi,liji1238,48,29,16,3
900,kab,kaby1243,30,27,3,0
901,gid,gida1247,38,28,8,2
902,kyz,kaya1329,24,14,10,0
903,kms,kama1367,29,23,6,0
904,kxo,kano1245,26,12,14,0
905,ndb,kens1251,65,55,10,0
906,xrb,east2398,26,16,7,3
907,kmv,kari1301,32,22,10,0
908,ken,keny1279,41,21,20,0
909,khr,khar1287,47,37,10,0
910,cog,chon1284,40,21,19,0
911,kin,kiny1244,49,39,10,0
912,okr,kiri1254,36,24,10,2
913,kkk,koko1269,27,22,5,0
914,kme,bako1250,34,27,7,0
915,kma,konn1242,49,31,18,0
916,kdt,kuay1244,47,22,25,0
917,kle,kulu1253,43,22,21,0
918,kto,kuot1243,19,13,6,0
919,kgg,kusu1250,38,32,6,0
920,kxv,kuvi1243,37,22,15,0
921,xwa,kwaz1243,45,29,16,0
922,lbj,lada1244,38,33,5,0
923,lag,lang1320,52,32,20,0
924,lao,laoo1244,40,28,12,0
925,lvk,lavu1241,20,15,5,0
926,bwt,bafa1247,47,27,16,4
927,lun,lund1266,32,22,10,0
928,lch,luch1239,42,32,10,0
929,bdu,orok1266,29,22,7,0
930,mkd,mace1250,32,26,6,0
931,mxu,mada1293,40,22,13,5
932,grg,madi1261,54,45,9,0
933,mva,mana1295,18,13,5,0
934,bce,bame1260,50,39,11,0
935,nmm,mana1288,45,30,10,5
936,nge,ngem1255,40,29,9,2
937,mec,mara1385,24,19,5,0
938,ayz,maib1239,16,11,5,0
939,gmm,gbay1281,37,28,7,2
940,byv,medu1238,25,16,9,0
941,xmf,ming1252,35,30,5,0
942,bfm,mmen1238,41,27,9,5
943,mwt,moke1242,32,22,10,0
944,cas,mose1249,38,26,12,0
945,mgg,mpon1254,38,29,7,2
946,mhk,mung1266,33,21,9,3
947,nmg,mvum1238,55,47,8,0
948,mlv,motl1237,22,15,7,0
949,nnm,nami1256,15,9,6,0
950,nml,ndem1249,53,30,18,5
951,apm,mesc1238,51,31,16,4
952,yum,quec1382,38,28,10,0
953,nnk,nank1250,20,14,6,0
954,niq,nand1266,23,13,10,0
955,kig,kima1246,44,20,20,4
956,mff,naki1238,44,36,8,0
957,ncl,mich1245,25,20,5,0
958,nag,naga1394,47,26,21,0
959,nsh,ngos1238,34,26,6,2
960,nig,ngal1293,26,17,9,0
961,nam,nang1259,28,20,8,0
962,igo,iseb1246,23,9,14,0
963,nla,ngom1271,59,37,19,3
964,nuk,nuuc1236,47,37,10,0
965,kxm,nort2684,43,24,19,0
966,pao,nort2954,24,14,10,0
967,kcn,nubi1253,35,30,5,0
968,nus,nuer1246,48,20,28,0
969,ekm,elip1238,30,19,7,4
970,nym,nyam1276,53,36,14,3
971,nyl,nyeu1238,40,20,20,0
972,ann,obol1243,37,22,12,3
973,mpt,mian1257,25,13,8,4
974,fai,faiw1243,20,12,8,0
975,oku,okuu1243,29,18,7,4
976,oss,osse1243,39,30,9,0
977,pau,pala1344,22,10,12,0
978,okv,orok1269,17,12,5,0
979,yll,yill1241,23,12,11,0
980,niz,ning1273,21,14,7,0
981,dob,dobu1241,24,19,5,0
982,smq,samo1303,18,12,6,0
983,uvh,urii1240,24,16,8,0
984,bzf,boik1241,25,17,8,0
985,prt,phai1238,35,17,18,0
986,mlf,mall1246,41,17,22,2
987,rma,rama1270,28,19,9,0
988,xmt,matb1237,20,15,5,0
989,run,rund1242,29,22,5,2
990,nyn,nyan1307,28,20,8,0
991,rwr,marw1260,46,36,10,0
992,ndi,samb1305,34,22,9,3
993,sbd,sout2844,26,18,8,0
994,sxm,samr1245,41,20,21,0
995,sae,saba1268,18,13,5,0
996,str,saan1246,40,35,5,0
997,sas,sasa1249,30,19,11,0
998,svr,sava1244,30,19,11,0
999,pos,sayu1241,25,19,6,0
1000,sey,seco1241,18,12,6,0
1001,trv,taro1264,43,33,10,0
1002,ssg,seim1238,28,11,17,0
1003,sza,seme1247,51,33,18,0
1004,ser,serr1255,42,33,9,0
1005,sbf,shab1252,43,28,13,2
1006,ywn,yawa1260,18,14,4,0
1007,kde,mako1251,28,18,5,5
1008,sna,shon1251,42,37,5,0
1009,bax,bamu1253,38,28,10,0
1010,sjr,siar1238,22,15,7,0
1011,skr,sera1259,83,48,35,0
1012,sjw,shaw1249,19,13,6,0
1013,skv,nucl1634,23,13,7,3
1014,thm,aheu1239,72,22,50,0
1015,erk,sout2856,20,15,5,0
1016,spo,spok1245,43,38,5,0
1017,sso,siss1243,46,37,9,0
1018,stw,sata1237,42,29,13,0
1019,ulw,ulwa1239,28,22,6,0
1020,jup,hupd1244,29,20,9,0
1021,zoh,chim1300,26,20,6,0
1022,ztp,loxi1235,30,23,7,0
1023,yuk,yuki1243,30,24,6,0
1024,yap,yape1248,44,28,16,0
1025,yur,yuro1248,35,23,12,0
1026,yuz,yura1255,25,18,7,0
1027,yux,sout2750,33,21,12,0
1028,wbm,nucl1290,49,27,22,0
1029,wms,wamb1259,26,16,10,0
1030,was,wash1253,32,26,6,0
1031,way,waya1269,16,9,7,0
1032,woc,woge1237,20,15,5,0
1033,var,huar1255,26,12,14,0
1034,vai,vaii1241,43,28,11,4
1035,ukr,ukra1253,30,24,6,0
1036,phl,phal1254,40,30,10,0
1037,mky,east2440,24,19,5,0
1038,tpi,tokp1240,27,15,12,0
1039,bjz,baru1269,24,14,10,0
1040,tav,tatu1247,17,11,6,0
1041,tgw,tagw1240,45,23,22,0
1042,mzn,maza1291,29,22,7,0
1043,blk,paok1235,34,20,11,3
1044,tft,tern1247,25,20,5,0
1045,tob,toba1269,28,21,7,0
1046,pol,poli1260,37,31,6,0
1047,cmn,mand1415,49,24,21,4
1048,ijn,kala1381,43,22,18,3
1049,ydd,east2295,47,38,9,0
1050,nld,dutc1256,39,24,15,0
1051,mla,malo1243,21,16,5,0
1052,gay,gayo1244,27,19,8,0
1053,jam,jama1262,33,21,12,0
1054,mcs,mamb1294,54,26,24,4
1055,arg,arag1245,45,20,25,0
1056,zts,tilq1235,30,22,6,2
1057,ibb,ibib1240,32,17,13,2
1058,tam,tami1289,33,21,12,0
1059,zpq,zoog1238,65,28,32,5
1060,bgo,baga1273,25,17,8,0
1061,nxl,sout2895,17,12,5,0
1062,slu,sela1259,19,14,5,0
1063,tvd,tsuv1239,52,38,12,2
1064,wos,hang1263,23,16,7,0
1065,blr,blan1242,40,24,14,2
1066,txx,tata1257,21,17,4,0
1067,bod,tibe1272,34,24,8,2
1068,ruk,chee1238,57,30,24,3
1069,tol,tolo1259,31,26,5,0
1070,pae,pagi1243,51,42,7,2
1071,cho,choc1276,21,15,6,0
1072,crg,mich1243,41,25,16,0
1073,plg,pila1245,22,18,4,0
1074,yuc,yuch1247,49,38,11,0
1075,bwi,bani1255,37,25,12,0
1076,ktn,kari1311,25,11,14,0
1077,esi,nort2943,27,24,3,0
1078,zab,sanj1284,47,29,18,0
1079,tzo,tzot1259,26,21,5,0
1080,sid,sida1246,35,25,10,0
1081,bdr,west2560,23,17,6,0
1082,cid,chim1301,42,33,9,0
1083,tee,hueh1236,36,26,10,0
1084,ute,utes1238,37,19,18,0
1085,duo,dupa1235,20,15,5,0
1086,ton,tong1325,17,12,5,0
1087,lmw,lake1258,39,29,10,0
1088,lzz,lazz1240,32,27,5,0
1089,jun,juan1238,29,19,10,0
1090,adn,adan1251,40,18,22,0
1091,ael,ambe1247,51,38,10,3
1092,apu,apur1254,40,14,26,0
1093,ace,achi1257,55,21,34,0
1094,aig,anti1245,37,24,13,0
1095,akl,akla1241,20,17,3,0
1096,arh,arhu1242,32,16,16,0
1097,arr,karo1306,27,14,11,2
1098,ayl,liby1240,50,34,16,0
1099,bbc,bata1289,27,18,9,0
1100,bci,baou1238,23,16,7,0
1101,bfw,bond1245,27,21,6,0
1102,biw,bike1242,55,28,23,4
1103,bla,siks1238,25,13,12,0
1104,bll,bilo1248,20,12,8,0
1105,bzj,beli1260,35,22,13,0
1106,cku,koas1236,25,15,6,4
1107,coo,como1259,42,37,5,0
1108,cso,soch1239,39,18,14,7
1109,diq,diml1238,44,30,14,0
1110,ets,yekh1238,36,26,7,3
1111,frr,nort2626,42,23,19,0
1112,gju,guja1253,50,32,18,0
1113,gvc,guan1269,24,16,6,2
1114,hum,hung1278,33,20,10,3
1115,hur,halk1245,47,32,12,3
1116,hus,huas1242,36,26,10,0
1117,ilo,ilok1237,21,17,4,0
1118,kbc,kadi1248,31,23,8,0
1119,kub,kute1248,46,28,13,5
1120,kwi,awac1239,21,14,7,0
1121,lis,lisu1250,39,25,8,6
1122,los,loni1238,23,16,7,0
1123,mbe,mola1238,30,23,7,0
1124,mcf,mats1244,21,15,6,0
1125,mni,mani1292,33,25,6,2
1126,mnk,mand1436,34,19,10,5
1127,moc,moco1246,31,23,8,0
1128,mam,mamm1241,43,33,10,0
1129,myu,mund1330,39,17,20,2
1130,ncg,nisg1240,42,32,10,0
1131,nds,nort2627,37,23,14,0
1132,pmq,nort2984,54,40,12,2
1133,par,pana1305,36,23,13,0
1134,pcm,nige1257,32,23,7,2
1135,pej,nort2966,39,29,10,0
1136,poq,texi1237,29,19,10,0
1137,kca,khan1273,31,18,13,0
1138,cat,stan1289,39,23,16,0
1139,hrv,croa1245,36,25,11,0
1140,ces,czec1258,38,25,13,0
1141,glg,gali1258,28,21,7,0
1142,kbp,kabi1261,47,22,23,2
1143,mnh,mono1270,44,33,8,3
1144,ind,indo1316,31,22,9,0
1145,ita,ital1282,30,23,7,0
1146,qxl,sala1272,29,24,5,0
1147,sei,seri1257,25,17,8,0
1148,snd,sind1272,54,44,10,0
1149,slv,slov1268,37,21,16,0
1150,swe,swed1254,35,18,17,0
1151,mky,east2440,37,32,5,0
1152,khc,tuka1248,29,24,5,0
1153,pib,yine1238,26,16,10,0
1154,quc,kich1262,32,22,10,0
1155,qvh,huam1248,31,21,10,0
1156,qum,sipa1247,32,22,10,0
1157,qug,chim1302,36,31,5,0
1158,tpt,tlac1235,34,24,10,0
1159,abt,ambu1247,24,17,7,0
1160,aau,abau1245,14,9,5,0
1161,ahg,qima1242,39,28,7,4
1162,ahk,akha1245,44,28,13,3
1163,aly,alya1239,32,25,7,0
1164,amn,aman1265,19,14,5,0
1165,anu,anua1242,47,19,24,4
1166,jbj,aran1237,18,13,5,0
1167,aon,bumb1241,22,15,7,0
1168,tcb,tana1290,54,35,14,5
1169,avt,auuu1241,17,10,7,0
1170,tpz,tinp1237,26,12,14,0
1171,pex,peta1245,30,15,15,0
1172,ptp,pate1247,44,30,14,0
1173,kcl,kela1255,30,16,14,0
1174,sgz,surs1246,21,15,6,0
1175,awx,awar1248,25,19,6,0
1176,azo,awin1248,56,39,17,0
1177,kmn,awtu1239,18,11,7,0
1178,bbw,baba1264,30,23,7,0
1179,bbk,baba1266,33,26,7,0
1180,bkh,bako1249,33,26,7,0
1181,muo,nyon1241,42,23,14,5
1182,bvm,bamu1256,32,23,9,0
1183,bgj,bang1356,40,27,9,4
1184,bnm,bata1285,31,20,8,3
1185,bch,bari1286,17,12,5,0
1186,bby,befa1241,59,43,14,2
1187,dbj,idaa1241,23,17,6,0
1188,bem,bemb1257,25,15,10,0
1189,brc,berb1259,26,20,6,0
1190,xub,bett1235,37,22,15,0
1191,bhw,biak1248,24,14,10,0
1192,nbj,bili1250,23,17,6,0
1193,bhg,bina1277,35,11,24,0
1194,bwq,sout2840,38,19,19,0
1195,bol,nucl1695,38,28,10,0
1196,bot,bong1285,29,18,11,0
1197,bwo,boro1277,25,16,6,3
1198,bkk,brok1247,41,31,10,0
1199,bsp,baga1272,26,18,8,0
1200,bbx,bubi1249,39,25,14,0
1201,bxk,buku1249,30,20,10,0
1202,sbs,subi1246,51,46,5,0
1203,ttl,tote1238,54,44,10,0
1204,bmo,bamb1265,57,34,18,5
1205,mrq,nort2845,22,12,10,0
1206,oon,onge1236,24,16,8,0
1207,plo,olut1240,32,20,12,0
1208,jya,jiar1240,57,49,8,0
1209,suq,suri1267,31,22,7,2
1210,blb,bilu1245,41,16,25,0
1211,hoa,hoav1238,21,16,5,0
1212,fil,fili1244,27,17,10,0
1213,nxg,ngad1261,27,21,6,0
1214,mnb,muna1247,33,28,5,0
1215,xxk,keoo1238,30,24,6,0
1216,thm,aheu1239,47,20,23,4
1217,skf,saki1248,35,15,20,0
1218,tiw,tiwi1244,18,14,4,0
1219,trw,torw1241,51,38,13,0
1220,tdh,thul1246,38,30,8,0
1221,tsj,tsha1245,37,32,5,0
1222,cof,colo1256,25,16,9,0
1223,tzj,tzut1248,35,25,10,0
1224,pww,pwon1235,52,23,24,5
1225,tyv,tuvi1240,37,21,16,0
1226,kfk,kinn1249,46,31,15,0
1227,wtm,mewa1250,50,30,20,0
1228,aty,anei1239,26,21,5,0
1229,atb,zaiw1241,32,21,8,3
1230,cic,chic1270,25,16,9,0
1231,fur,friu1240,39,25,14,0
1232,apj,jica1244,56,34,19,3
1233,ega,egaa1242,39,27,9,3
1234,fub,adam1253,36,27,9,0
1235,are,west2441,29,26,3,0
1236,xsu,sanu1240,24,11,13,0
1237,pav,wari1268,20,14,6,0
1238,cro,crow1244,23,10,10,3
1239,boi,barb1263,44,38,6,0
1240,lee,lyel1241,34,21,10,3
1241,fub,adam1253,47,37,10,0
1242,any,anyi1245,40,19,16,5
1243,any,anyi1245,36,17,14,5
1244,mtb,anyi1244,49,31,14,4
1245,aka,akan1250,60,28,30,2
1246,cko,anuf1239,59,45,12,2
1247,bvx,dibo1245,31,21,6,4
1248,bcw,bana1305,44,37,3,4
1249,bdh,baka1274,46,36,10,0
1250,aja,ajas1235,48,38,10,0
1251,bip,bila1255,33,19,9,5
1252,bqp,busa1253,31,16,12,3
1253,fub,adam1253,39,29,10,0
1254,fuv,nige1253,57,47,10,0
1255,her,here1253,26,19,5,2
1256,sef,ceba1235,38,22,13,3
1257,khq,koyr1240,43,23,14,6
1258,ksf,bafi1243,48,25,18,5
1259,lea,lega1249,38,18,14,6
1260,lmp,limb1268,52,37,15,0
1261,lmp,limb1268,41,23,18,0
1262,lmp,limb1268,33,23,10,0
1263,mye,myen1241,36,29,7,0
1264,bud,ntch1242,43,21,19,3
1265,tvu,tune1261,26,17,7,2
1266,mgw,matu1259,23,15,5,3
1267,yao,yaoo1241,29,18,7,4
1268,umb,umbu1257,30,20,10,0
1269,ndo,ndon1254,30,25,5,0
1270,mhw,mbuk1240,29,22,7,0
1271,diu,diri1252,28,23,5,0
1272,kwn,kwan1273,27,22,5,0
1273,snk,soni1259,50,28,15,7
1274,ses,koyr1242,37,23,14,0
1275,lln,lele1276,36,23,10,3
1276,kck,ikal1242,71,62,5,4
1277,lol,mong1338,56,45,7,4
1278,wok,long1387,31,20,7,4
1279,xwe,xwel1235,45,29,13,3
1280,xwl,west2456,45,29,13,3
1281,kqk,kota1272,45,29,13,3
1282,gbs,gbes1238,47,31,13,3
1283,jmc,mach1266,46,33,10,3
1284,mda,mada1282,41,23,13,5
1285,mfo,mbee1249,37,26,7,4
1286,nwe,ngwe1238,38,24,14,0
1287,jow,jowu1238,45,20,21,4
1288,yba,yala1263,38,28,7,3
1289,mgr,mamb1296,36,19,10,7
1290,kcv,kete1252,25,16,5,4
1291,kws,kwes1244,25,16,6,3
1292,snm,sout2828,59,47,9,3
1293,mgd,moru1253,38,26,9,3
1294,log,logo1259,39,27,9,3
1295,aft,afit1238,26,17,6,3
1296,avn,avat1244,50,28,18,4
1297,abn,abua1244,40,27,10,3
1298,any,anyi1245,39,21,14,4
1299,dgh,dghw1239,38,33,3,2
1300,afo,eloy1241,51,41,7,3
1301,fuv,nige1253,38,28,10,0
1302,acd,giky1238,51,29,22,0
1303,ayg,giny1241,53,31,22,0
1304,hbb,huba1236,31,24,5,2
1305,kwl,kofy1242,36,23,10,3
1306,kye,krac1238,44,17,24,3
1307,krm,krim1238,38,22,16,0
1308,bbp,west2458,46,31,10,5
1309,dib,sout2833,60,20,37,3
1310,fod,food1238,44,23,18,3
1311,csk,jola1262,51,31,20,0
1312,jum,jumj1238,39,20,16,3
1313,bdi,buru1301,38,19,16,3
1314,lul,olub1238,46,34,9,3
1315,ymm,maay1238,32,22,10,0
1316,mfz,maba1273,45,19,22,4
1317,sgi,suga1248,90,58,23,9
1318,cce,copi1238,68,61,5,2
1319,xho,xhos1239,84,75,7,2
1320,akp,siwu1238,37,20,14,3
1321,bun,sher1258,31,24,7,0
1322,buy,mman1238,36,22,14,0
1323,cpn,cher1271,38,26,10,2
1324,fap,palo1243,43,26,17,0
1325,gur,fraf1238,30,20,8,2
1326,lip,sekp1241,33,21,9,3
1327,maw,mamp1244,36,24,10,2
1328,toi,tong1318,41,33,5,3
1329,pbp,bady1239,43,25,18,0
1330,snw,sele1249,33,18,12,3
1331,tiv,tivv1240,40,31,6,3
1332,byn,bili1260,38,31,7,0
1333,xan,xamt1239,30,23,7,0
1334,lik,lika1243,45,33,9,3
1335,yns,yans1239,42,17,22,3
1336,buu,budu1250,43,31,9,3
1337,khy,kele1255,30,21,7,2
1338,lej,leng1258,32,24,5,3
1339,kbo,keli1248,45,36,6,3
1340,won,wong1247,24,15,7,2
1341,wlc,mwal1237,24,19,5,0
1342,aar,afar1241,27,17,10,0
1343,mua,mund1325,67,37,27,3
1344,mru,mono1269,62,35,24,3
1345,tui,tupu1244,56,28,24,4
1346,xuo,kuoo1238,56,29,24,3
1347,kbn,kare1338,57,30,24,3
1348,gke,ndai1238,57,32,22,3
1349,myf,bamb1262,36,23,10,3
1350,tir,tigr1271,39,32,7,0
1351,kdj,kara1483,66,21,39,6
1352,gwn,gwan1268,46,28,10,8
1353,gwn,gwan1268,52,32,12,8
1354,gwn,gwan1268,48,28,12,8
1355,gwn,gwan1268,64,35,21,8
1356,gwn,gwan1268,48,28,12,8
1357,gwn,gwan1268,65,43,14,8
1358,avi,avik1243,34,25,6,3
1359,shk,shil1265,54,25,26,3
1360,hgm,haio1238,29,24,5,0
1361,pip,pero1241,30,18,10,2
1362,gax,bora1271,36,26,10,0
1363,hdy,hadi1240,56,46,10,0
1364,wal,wola1242,48,38,10,0
1365,njx,kuny1238,55,44,7,4
1366,lot,otuh1238,56,33,20,3
1367,myx,masa1299,63,51,12,0
1368,hig,kamw1239,35,26,7,2
1369,mzj,many1261,27,18,7,2
1370,say,saya1246,54,39,12,3
1371,nzb,njeb1242,34,24,8,2
1372,dsq,tada1238,70,59,11,0
1373,ktb,kamb1316,59,49,10,0
1374,otr,otor1240,44,30,14,0
1375,tic,tira1254,42,26,16,0
1376,nmi,nyam1285,56,39,14,3
1377,fli,fali1285,50,38,7,5
1378,mcw,mawa1270,33,24,6,3
1379,nmn,huaa1248,161,130,28,3
1380,kib,koal1240,45,29,16,0
1381,kki,kagu1239,31,26,5,0
1382,oks,okoo1245,30,18,7,5
1383,knw,kung1261,120,95,21,4
1384,bbj,ghom1247,59,36,18,5
1385,afn,defa1248,42,18,19,5
1386,tkq,teee1242,38,23,12,3
1387,sgc,kips1239,37,14,19,4
1388,pbr,pang1287,35,23,12,0
1389,hoo,holo1240,26,17,7,2
1390,bwu,buli1254,46,23,13,10
1391,bjt,bala1302,50,33,14,3
1392,now,nyam1277,33,20,10,3
1393,daf,dann1241,92,44,40,8
1394,pko,poko1263,39,17,19,3
1395,afr,afri1274,39,16,23,0
1396,agj,argo1244,38,30,8,0
1397,har,hara1271,34,25,9,0
1398,din,dink1262,49,20,26,3
1399,nzi,nzim1238,40,24,14,2
1400,aha,ahan1243,40,24,14,2
1401,hna,besl1239,50,39,9,2
1402,bhs,buwa1243,43,38,2,3
1403,xed,hdii1240,41,37,4,0
1404,hia,lama1288,41,37,4,0
1405,ikw,ikwe1242,46,23,18,5
1406,kot,lagw1237,41,34,5,2
1407,gmm,gbay1281,38,28,7,3
1408,mqb,mbuk1243,45,34,8,3
1409,mlw,molo1266,47,31,10,6
1410,muy,muya1243,46,27,14,5
1411,jgo,ngom1272,27,19,6,2
1412,dmo,keme1240,34,20,8,6
1413,ntm,nate1242,40,13,24,3
1414,stv,silt1240,56,46,10,0
1415,weh,wehh1238,47,37,7,3
1416,tey,tuli1249,59,37,19,3
1417,kec,keig1242,59,37,20,2
1418,kgo,kron1241,62,40,20,2
1419,kcp,kang1288,76,54,20,2
1420,kcp,kang1288,75,53,20,2
1421,xtc,katc1249,62,39,20,3
1422,xtc,katc1249,63,41,20,2
1423,xtc,katc1249,61,39,20,2
1424,mgc,moro1284,54,42,10,2
1425,luc,arin1244,49,35,9,5
1426,keg,tese1238,47,24,18,5
1427,lmd,lumu1239,35,17,16,2
1428,acz,ache1245,38,18,20,0
1429,taz,toch1257,27,15,10,2
1430,dec,dagi1241,26,16,10,0
1431,did,didi1258,58,36,18,4
1432,lwo,luwo1239,32,19,10,3
1433,ach,acol1236,29,17,9,3
1434,bxb,bela1256,38,25,10,3
1435,bvi,bela1255,43,28,10,5
1436,ndz,ndog1248,38,29,5,4
1437,bde,bade1248,46,33,9,4
1438,fpe,fern1234,30,21,7,2
1439,jit,jita1239,29,17,10,2
1440,dim,dime1235,73,53,18,2
1441,lto,tsot1241,31,19,10,2
1442,djm,jams1239,60,37,21,2
1443,kam,kamb1297,31,13,14,4
1444,ksf,bafi1243,51,27,20,4
1445,laj,lang1324,40,18,20,2
1446,lks,kisa1263,38,24,10,4
1447,nuj,nyol1238,36,24,10,2
1448,wmw,mwan1247,26,21,5,0
1449,xkv,kgal1244,53,43,8,2
1450,boz,tiey1235,36,19,14,3
1451,alw,alab1254,62,52,10,0
1452,deg,dege1246,36,24,10,2
1453,bud,ntch1242,30,21,6,3
1454,pre,prin1242,31,22,7,2
1455,nko,nkon1248,34,20,14,0
1456,gru,sodd1242,41,34,7,0
1457,gru,kist1241,41,34,7,0
1458,mvz,mesq1240,41,34,7,0
1459,sgw,seba1251,42,34,8,0
1460,sgw,ezha1238,39,33,6,0
1461,sgw,chah1248,44,36,8,0
1462,sgw,gume1239,42,35,7,0
1463,sgw,seba1251,42,36,6,0
1464,sgw,seba1251,45,39,6,0
1465,ior,inor1238,47,40,7,0
1466,ior,inor1238,45,39,6,0
1467,ior,inor1238,45,39,6,0
1468,dnn,dzuu1241,55,26,26,3
1469,bmi,bagi1246,48,29,16,3
1470,niy,ngit1239,56,44,5,7
1471,ndh,ndal1241,31,17,10,4
1472,mym,meen1242,40,26,14,0
1473,nsg,ngas1238,31,22,9,0
1474,myb,mbay1241,44,22,19,3
1475,guk,gumu1244,44,34,10,0
1476,teu,sooo1256,28,18,10,0
1477,bcq,benc1235,56,46,5,5
1478,bcq,benc1235,40,29,5,6
1479,jnj,yems1235,40,25,10,5
1480,zay,zays1236,32,27,5,0
1481,gmv,gamo1243,36,26,10,0
1482,kqy,koor1239,61,51,10,0
1483,aiw,aari1239,36,26,10,0
1484,xom,komo1258,28,23,5,0
1485,udu,uduk1239,28,23,5,0
1486,lgn,opuu1239,25,20,5,0
1487,kmq,kwam1249,25,20,5,0
1488,mdm,mayo1261,46,33,10,3
1489,lsm,saam1283,34,20,10,4
1490,nnw,sout2795,60,38,18,4
1491,nde,nort2795,68,61,5,2
1492,sxw,saxw1241,38,24,12,2
1493,loh,nari1240,34,22,9,3
1494,bjg,bidy1244,25,18,7,0
1495,doy,domp1238,31,22,7,2
1496,bam,bamb1269,58,32,24,2
1497,hbn,heib1243,34,27,7,0
1498,kga,koya1253,43,29,12,2
1499,shw,shwa1239,38,25,10,3
1500,ttb,gaaa1245,34,22,9,3
1501,kua,kuan1247,33,26,5,2
1502,lnb,mbal1255,31,23,6,2
1503,kwm,kwam1251,37,29,6,2
1504,nne,ngan1300,37,30,5,2
1505,ndo,ndon1254,36,29,5,2
1506,ndo,ndon1254,36,29,5,2
1507,ndo,ndon1254,36,29,5,2
1508,xon,konk1269,38,21,14,3
1509,zag,zagh1240,33,21,9,3
1510,zwa,zayy1238,37,23,14,0
1511,zmx,bomi1238,28,16,10,2
1512,bbo,nort2819,37,21,13,3
1513,bez,bena1262,34,22,10,2
1514,gkp,guin1254,39,24,12,3
1515,kke,kaka1265,38,22,14,2
1516,llc,lele1266,28,19,7,2
1517,lom,loma1260,51,21,28,2
1518,mev,mann1248,39,22,14,3
1519,tye,kyen1242,37,22,12,3
1520,sho,shan1282,37,22,12,3
1521,abu,abur1243,38,20,14,4
1522,abb,bank1256,37,26,7,4
1523,afu,efut1241,50,30,18,2
1524,agq,aghe1239,49,28,19,2
1525,arv,arbo1245,59,49,10,0
1526,abi,abid1235,38,21,15,2
1527,adj,adio1239,32,21,7,4
1528,ahi,tiag1235,32,24,8,0
1529,ald,alla1248,36,23,11,2
1530,ahs,ashe1269,36,24,9,3
1531,zdj,ngaz1238,48,41,5,2
1532,ibe,akpe1248,34,21,10,3
1533,etx,eten1239,74,63,6,5
1534,nus,nuer1246,48,20,28,0
1535,gel,kagf1238,56,36,16,4
1536,idu,idom1241,75,47,23,5
1537,iri,irig1241,95,79,12,4
1538,izr,izer1241,39,27,7,5
1539,jer,jere1244,44,24,16,4
1540,agb,legb1242,53,38,12,3
1541,lgq,logb1245,35,25,7,3
1542,awn,awng1244,39,30,6,3
1543,glw,glav1244,43,34,7,2
1544,ahn,ahan1244,43,26,14,3
1545,aye,ayer1245,43,26,14,3
1546,rng,rong1268,69,64,5,0
1547,wni,ndzw1235,39,32,5,2
1548,biv,sout2790,52,25,27,0
1549,cwt,kuwa1246,34,20,10,4
1550,ati,atti1239,47,24,15,8
1551,aoa,ango1258,36,22,12,2
1552,hae,east2652,60,48,10,2
1553,pov,uppe1455,28,23,5,0
1554,bss,akoo1248,32,18,12,2
1555,bqz,baka1273,34,19,13,2
1556,bqz,baka1273,31,15,14,2
1557,bqz,baka1273,32,16,14,2
1558,mbo,mboc1235,35,19,14,2
1559,bsi,bass1260,34,20,12,2
1560,mbo,mboc1235,36,21,13,2
1561,lir,libe1240,36,24,12,0
1562,ggu,gagu1242,36,20,12,4
1563,eto,eton1253,38,21,15,2
1564,rcf,reun1238,42,30,12,0
1565,mls,nucl1440,45,31,10,4
1566,cri,saot1239,32,19,13,0
1567,tan,nucl1696,60,40,18,2
1568,suk,suku1261,57,38,14,5
1569,mfe,mori1278,30,21,9,0
1570,kri,krio1253,35,25,7,3
1571,ktu,kitu1246,22,15,5,2
1572,aks,akas1242,52,20,29,3
1573,bag,tuki1240,39,25,10,4
1574,bkc,baka1272,35,25,7,3
1575,bmv,bumm1238,47,37,7,3
1576,dbq,nucl1683,46,36,6,4
1577,gou,gava1241,55,47,5,3
1578,gde,gude1246,36,30,4,2
1579,lno,lang1322,32,16,10,6
1580,ahl,igoo1238,33,23,7,3
1581,kkj,kako1242,47,33,12,2
1582,knp,kwan1276,43,21,18,4
1583,mcu,came1252,35,20,11,4
1584,meq,mere1246,44,33,8,3
1585,mfi,wand1278,52,45,5,2
1586,coh,chon1287,47,40,5,2
1587,dig,digo1243,48,41,5,2
1588,dug,duru1249,47,40,5,2
1589,nyf,giry1241,47,40,5,2
1590,nyf,giry1241,47,40,5,2
1591,nyf,kamb1298,47,40,5,2
1592,nyf,kaum1238,47,40,5,2
1593,nyf,giry1241,47,40,5,2
1594,nyf,giry1241,47,40,5,2
1595,mlr,vame1236,46,38,5,3
1596,mmu,mmaa1238,34,23,9,2
1597,mpi,mpad1242,40,30,6,4
1598,mif,mofu1248,40,35,5,0
1599,mtk,mbee1250,57,48,7,2
1600,ncr,ncan1245,41,17,18,6
1601,nfu,mfum1238,89,74,10,5
1602,njy,njye1238,42,20,20,2
1603,box,buam1238,28,17,8,3
1604,ktf,kwam1250,40,28,10,2
1605,goa,guro1248,57,26,28,3
1606,kea,kabu1256,28,21,7,0
1607,nku,boun1243,46,27,17,2
1608,tsb,tsam1247,68,56,10,2
1609,tzm,cent2194,39,36,3,0
1610,siz,siwi1239,38,26,12,0
1611,ndj,ndam1239,24,19,5,0
1612,bva,bare1279,41,28,10,3
1613,bva,bare1279,29,16,10,3
1614,bva,bare1279,44,31,10,3
1615,bva,bare1279,44,32,10,2
1616,tbi,gaam1241,49,34,12,3
1617,mij,abar1238,36,24,8,4
1618,boe,mund1328,38,22,12,4
1619,muc,mbuu1238,39,26,10,3
1620,kid,kosh1246,37,23,11,3
1621,fak,fang1248,36,23,10,3
1622,knk,kura1250,54,26,28,0
1623,nie,niel1243,59,25,31,3
1624,gis,nort3047,37,29,3,5
1625,mgo,mogh1246,50,33,14,3
1626,bri,mokp1239,31,22,7,2
1627,sif,siam1242,41,22,14,5
1628,nnh,ngie1241,30,19,7,4
1629,yas,nugu1242,35,24,7,4
1630,nza,tigo1236,116,99,12,5
1631,orc,orma1241,33,23,10,0
1632,pny,piny1238,66,42,19,5
1633,pnz,pana1294,66,34,28,4
1634,atu,reel1238,63,20,40,3
1635,udl,wuzl1236,42,34,5,3
1636,les,lese1243,42,29,10,3
1637,neb,tour1242,39,21,14,4
1638,gwe,gwen1239,29,24,5,0
1639,suw,sumb1240,32,20,10,2
1640,zin,zinz1238,30,20,10,0
1641,mer,meru1245,27,17,10,0
1642,hka,kahe1238,32,22,10,0
1643,han,hang1260,35,23,10,2
1644,old,moch1256,25,20,5,0
1645,ssc,suba1252,39,23,14,2
1646,kya,kway1241,29,17,10,2
1647,www,wawa1246,49,30,16,3
1648,shi,tach1250,37,33,4,0
1649,tug,tuni1251,40,24,13,3
1650,sef,ceba1235,43,24,16,3
1651,flr,fuli1240,36,24,10,2
1652,sad,sand1273,64,44,15,5
1653,tvd,tsuv1239,55,28,24,3
1654,etu,ejag1239,29,19,7,3
1655,ybb,yemb1246,27,17,7,3
1656,bfj,bafa1249,59,26,30,3
1657,bji,burj1242,36,26,10,0
1658,blo,anii1245,36,23,11,2
1659,fip,fipa1238,35,20,14,1
1660,naw,nawu1242,40,29,9,2
1661,myo,anfi1235,48,38,10,0
1662,nto,ntom1248,30,23,7,0
1663,tbr,tumt1243,55,39,14,2
1664,uiv,iyiv1238,64,53,7,4
1665,btx,bata1293,24,16,8,0
1666,tgl,taga1270,24,19,5,0
1667,ssb,sout2918,23,17,6,0
1668,kqr,kima1244,23,18,5,0
1669,beg,bela1260,25,19,6,0
1670,ilo,ilok1237,23,17,6,0
1671,cjm,east2563,30,21,9,0
1672,mkm,mokl1243,46,19,27,0
1673,mwt,moke1242,38,20,18,0
1674,nia,nias1242,25,19,6,0
1675,jav,java1254,33,24,9,0
1676,blf,buol1237,23,17,6,0
1677,mak,maka1311,23,18,5,0
1678,xmz,mori1268,27,22,5,0
1679,xbr,kamb1299,29,19,10,0
1680,tet,tetu1245,18,13,5,0
1681,lti,leti1246,22,10,12,0
1682,mky,east2440,23,18,5,0
1683,bhw,biak1248,19,14,5,0
1684,abs,ambo1250,23,18,5,0
1685,bpq,band1353,23,18,5,0
1686,xmm,mala1481,25,19,6,0
1687,mkn,kupa1239,25,19,6,0
1688,lrt,lara1260,25,19,6,0
1689,max,nort2828,27,21,6,0
1690,ind,indo1316,31,23,8,0
1691,mad,nucl1460,35,27,8,0
1692,ceb,cebu1242,21,18,3,0
1693,ban,bali1278,24,18,6,0
1694,bug,bugi1244,25,19,6,0
1695,bcl,cent2087,28,23,5,0
1696,hil,hili1240,25,20,5,0
1697,pam,pamp1243,22,17,5,0
1698,min,mina1268,33,23,10,0
1699,pag,pang1290,21,16,5,0
1700,tes,teng1272,42,20,22,0
1701,mrr,abuj1237,39,22,17,0
1702,apq,apuc1241,35,25,10,0
1703,njm,anga1288,49,38,6,5
1704,njo,aona1235,35,24,8,3
1705,apt,apat1240,40,24,13,3
1706,asm,assa1263,37,22,15,0
1707,awa,awad1243,45,37,8,0
1708,bfq,bada1257,38,25,13,0
1709,bft,balt1258,53,35,18,0
1710,lmn,lamb1269,34,24,10,0
1711,ben,beng1280,48,34,14,0
1712,bhb,bhil1251,62,35,27,0
1713,unr,mund1320,54,33,21,0
1714,bwo,boro1277,32,22,8,2
1715,bkk,brok1247,56,41,15,0
1716,bns,bund1253,55,38,17,0
1717,cdn,chau1259,42,34,8,0
1718,nri,chok1243,39,34,5,0
1719,drd,darm1243,42,34,8,0
1720,gaq,gata1239,38,24,14,0
1721,gda,gade1236,50,31,19,0
1722,adl,galo1242,29,17,12,0
1723,grt,garo1247,21,16,5,0
1724,gju,guja1253,57,35,19,3
1725,guj,guja1252,60,35,25,0
1726,gbj,bodo1267,40,21,19,0
1727,hlb,halb1244,42,29,13,0
1728,hin,hind1269,58,37,21,0
1729,hoc,hooo1248,43,24,19,0
1730,iru,irul1243,52,31,21,0
1731,jns,jaun1243,51,34,17,0
1732,jun,juan1238,36,24,12,0
1733,xnr,kang1280,41,29,12,0
1734,kan,nucl1305,47,36,11,0
1735,saz,saur1248,42,32,10,0
1736,mjw,karb1241,42,28,11,3
1737,iru,irul1243,30,23,7,0
1738,kas,kash1277,56,28,28,0
1739,xuj,jenn1240,33,26,7,0
1740,khr,khar1287,45,31,14,0
1741,kha,khas1269,40,27,13,0
1742,nkh,khez1235,53,42,8,3
1743,kfa,koda1255,52,27,25,0
1744,kfb,nort2699,34,21,13,0
1745,kfc,kond1295,43,23,20,0
1746,gau,mudh1235,31,19,12,0
1747,knn,konk1267,45,35,10,0
1748,kfd,korr1238,34,21,13,0
1749,kfq,kork1243,37,26,11,0
1750,kfe,kota1263,41,26,15,0
1751,kff,koya1251,31,21,10,0
1752,kxu,kuii1252,39,20,19,0
1753,kfy,kuma1273,42,31,11,0
1754,kru,kuru1302,56,31,25,0
1755,kxv,kuvi1243,47,28,19,0
1756,lbj,lada1244,45,37,8,0
1757,lmn,lamb1269,48,30,18,0
1758,lep,lepc1244,36,26,10,0
1759,njh,loth1237,46,35,8,3
1760,lus,lush1249,43,33,6,4
1761,mai,mait1250,42,34,8,0
1762,mal,mala1464,43,30,13,0
1763,mjt,saur1249,34,24,10,0
1764,mni,mani1292,38,27,8,3
1765,nbi,maon1238,30,20,6,4
1766,mar,mara1378,55,42,13,0
1767,mxj,miju1243,54,34,16,4
1768,mrg,miny1240,46,34,9,3
1769,nmo,moyo1238,40,24,13,3
1770,unr,mund1320,39,21,18,0
1771,nit,naik1250,46,36,10,0
1772,npi,nepa1254,47,35,12,0
1773,ncb,cent1990,35,16,19,0
1774,gdb,pott1240,34,22,12,0
1775,ory,oriy1255,43,31,12,0
1776,pck,pait1244,30,19,6,5
1777,pci,duru1236,31,21,10,0
1778,lae,patt1248,44,38,6,0
1779,peg,peng1244,32,22,10,0
1780,pan,panj1256,54,32,19,3
1781,bfw,bond1245,40,27,13,0
1782,san,sans1269,45,37,8,0
1783,sat,sant1410,46,35,11,0
1784,nsm,sumi1235,49,35,11,3
1785,scl,shin1264,48,35,13,0
1786,snd,sind1272,61,41,20,0
1787,srb,sora1254,31,21,10,0
1788,tam,tami1289,43,32,11,0
1789,nmf,tang1336,40,27,13,0
1790,nst,tase1235,29,23,6,0
1791,tel,telu1262,51,40,11,0
1792,tcz,thad1238,34,23,8,3
1793,tcx,toda1252,53,38,15,0
1794,trp,kokb1239,34,25,9,0
1795,tcy,tulu1258,35,23,12,0
1796,url,ural1274,46,26,20,0
1797,urd,urdu1245,54,35,19,0
1798,vaa,vaag1238,37,23,14,0
1799,yea,ravu1237,39,23,16,0
1800,yeu,yeru1240,38,20,18,0
1801,alc,qawa1238,24,18,6,NA
1802,arn,mapu1245,28,22,6,NA
1803,aca,acha1250,29,19,10,NA
1804,apu,apur1254,34,14,20,NA
1805,arw,araw1276,21,16,5,NA
1806,cni,asha1243,22,14,8,NA
1807,cpc,ajyi1238,26,20,6,NA
1808,prq,ashe1272,28,18,10,NA
1809,cpu,pich1237,30,22,8,NA
1810,cpb,ucay1237,32,24,8,NA
1811,bwi,bani1255,24,16,8,NA
1812,bwi,bani1255,26,18,8,NA
1813,bae,bare1276,23,19,4,NA
1814,cbb,cabi1241,17,12,5,NA
1815,cot,caqu1242,27,19,8,NA
1816,ccc,cham1318,29,19,10,NA
1817,kpc,curr1243,29,25,4,NA
1818,unk,enaw1238,25,13,12,NA
1819,inp,inap1243,31,13,18,NA
1820,gqn,guan1270,23,13,10,NA
1821,mpd,mach1268,18,13,5,NA
1822,mcb,mach1267,27,18,9,NA
1823,mmh,mehi1240,23,13,10,NA
1824,cox,nant1250,27,18,9,NA
1825,not,noma1263,25,16,9,NA
1826,plu,pali1279,24,14,10,NA
1827,pbg,para1316,25,13,12,NA
1828,pab,pare1272,19,15,4,NA
1829,pio,piap1246,19,15,4,NA
1830,rgr,resi1247,37,32,5,NA
1831,tae,tari1256,38,23,15,NA
1832,ter,tere1279,23,13,10,NA
1833,wap,wapi1253,22,18,4,NA
1834,gae,guar1293,25,17,8,NA
1835,wau,waur1244,26,16,10,NA
1836,guc,wayu1243,20,14,6,NA
1837,xir,xiri1243,24,19,5,NA
1838,ame,yane1238,33,24,9,NA
1839,yvt,yavi1244,21,17,4,NA
1840,yaw,yawa1261,21,17,4,NA
1841,pib,yine1238,26,16,10,NA
1842,ycn,yucu1253,21,16,5,NA
1843,brg,baur1253,18,14,4,NA
1844,ign,igna1246,19,15,4,NA
1845,dny,deni1241,22,18,4,NA
1846,jaa,jama1261,16,12,4,NA
1847,jaa,jama1261,19,11,8,NA
1848,cul,culi1244,21,17,4,NA
1849,pad,paum1247,28,22,6,NA
1850,swx,suru1263,23,18,5,NA
1851,ayr,cent2142,32,26,6,NA
1852,jqr,jaqa1244,42,36,6,NA
1853,kwi,awac1239,26,16,10,NA
1854,cbi,chac1249,27,23,4,NA
1855,gum,guam1248,25,20,5,NA
1856,cof,colo1256,26,16,10,NA
1857,boa,bora1263,41,29,12,NA
1858,boa,mira1254,31,17,14,NA
1859,bmr,muin1242,28,22,6,NA
1860,jeb,jebe1250,21,17,4,NA
1861,cbt,chay1248,18,14,4,NA
1862,ako,akur1238,24,10,14,NA
1863,apy,apal1257,24,12,12,NA
1864,aap,para1310,17,11,6,NA
1865,bkq,baka1277,30,16,14,NA
1866,bkq,baka1277,28,16,12,NA
1867,car,gali1262,17,11,6,NA
1868,car,gali1262,15,9,6,NA
1869,car,gali1262,15,9,6,NA
1870,cbd,cari1279,21,14,7,NA
1871,hix,hixk1239,23,18,5,NA
1872,txi,ikpe1245,18,12,6,NA
1873,ake,akaw1239,21,10,11,NA
1874,jru,japr1238,20,14,6,NA
1875,kbb,kaxu1237,18,12,6,NA
1876,kui,kuik1246,26,14,12,NA
1877,mbc,macu1259,22,10,12,NA
1878,mcg,mapo1246,19,12,7,NA
1879,mch,maqu1238,26,12,14,NA
1880,pbh,enap1235,20,13,7,NA
1881,aoc,pemo1248,21,10,11,NA
1882,aoc,pemo1248,17,10,7,NA
1883,pev,pemo1245,19,12,7,NA
1884,tri,trio1238,24,10,14,NA
1885,atr,waim1253,27,16,11,NA
1886,waw,waiw1244,20,14,6,NA
1887,way,waya1269,16,9,7,NA
1888,yar,yaba1248,18,11,7,NA
1889,orw,orow1243,18,12,6,NA
1890,pav,wari1268,21,15,6,NA
1891,arh,arhu1242,21,15,6,NA
1892,mot,bari1297,22,10,12,NA
1893,chb,chib1270,22,16,6,NA
1894,cbg,chim1309,36,16,20,NA
1895,con,cofa1242,37,27,10,NA
1896,kog,cogu1240,36,24,12,NA
1897,kvn,bord1248,24,19,5,NA
1898,mbp,mala1522,27,20,7,NA
1899,tuf,cent2150,19,14,5,NA
1900,noa,woun1238,33,19,14,NA
1901,bdc,embe1259,33,21,12,NA
1902,cto,embe1260,31,19,12,NA
1903,cmi,embe1262,28,16,12,NA
1904,emp,nort2972,32,20,12,NA
1905,sja,epen1239,38,17,21,NA
1906,pue,puel1244,36,29,7,NA
1907,ona,onaa1245,29,21,8,NA
1908,teh,tehu1242,31,25,6,NA
1909,cod,coca1259,16,11,5,NA
1910,cui,cuib1242,25,17,8,NA
1911,guh,guah1255,35,17,18,NA
1912,guo,guay1257,22,16,6,NA
1913,mbn,maca1259,22,16,6,NA
1914,axb,abip1241,23,13,10,NA
1915,kbc,kadi1248,31,23,8,NA
1916,moc,moco1246,29,21,8,NA
1917,plg,pila1245,22,18,4,NA
1918,tob,toba1269,26,18,8,NA
1919,tob,toba1269,28,20,8,NA
1920,amr,amar1274,33,15,18,NA
1921,cht,chol1284,20,15,5,NA
1922,ano,ando1256,35,11,24,NA
1923,ash,abis1238,27,17,10,NA
1924,kbh,cams1241,27,21,6,NA
1925,cbu,cand1248,27,21,6,NA
1926,cyb,cayu1262,33,17,16,NA
1927,irn,iran1263,43,21,22,NA
1928,ito,iton1250,25,19,6,NA
1929,lec,leco1242,30,24,6,NA
1930,lul,olub1238,21,16,5,NA
1931,omc,moch1259,32,20,12,NA
1932,mzp,movi1243,29,19,10,NA
1933,myr,muni1258,27,22,5,NA
1934,pbb,paez1247,49,33,16,NA
1935,pui,puin1248,19,8,11,NA
1936,trr,taus1253,17,12,5,NA
1937,tca,ticu1245,33,15,18,NA
1938,tit,tini1245,40,22,18,NA
1939,tpy,trum1247,29,23,6,NA
1940,ura,urar1246,21,16,5,NA
1941,vil,vile1241,29,24,5,NA
1942,auc,waor1240,32,12,20,NA
1943,wba,wara1303,16,11,5,NA
1944,yag,yama1264,20,15,5,NA
1945,yuz,yura1255,25,18,7,NA
1946,acu,achu1248,27,15,12,NA
1947,agr,agua1253,20,12,8,NA
1948,hub,huam1247,23,15,8,NA
1949,jiv,shua1257,21,13,8,NA
1950,cbv,cacu1241,26,21,5,NA
1951,mbr,nuka1242,24,12,12,NA
1952,kav,nucl1668,20,12,8,NA
1953,apn,apin1244,34,17,17,NA
1954,ark,arik1265,25,11,14,NA
1955,bor,boro1282,22,15,7,NA
1956,ram,cane1242,29,13,16,NA
1957,cax,chiq1248,26,14,12,NA
1958,gvp,para1315,21,11,10,NA
1959,gta,guat1253,25,17,8,NA
1960,jbt,djeo1235,24,14,10,NA
1961,kgp,kain1272,16,11,5,NA
1962,kpj,kara1500,24,9,15,NA
1963,txu,kaya1330,33,16,17,NA
1964,xra,krah1246,46,12,34,NA
1965,kqq,kren1239,35,22,13,NA
1966,xri,krik1239,26,11,15,NA
1967,mbl,maxa1247,20,10,10,NA
1968,opy,ofay1240,24,14,10,NA
1969,kre,pana1307,26,11,15,NA
1970,gvp,para1315,26,10,16,NA
1971,prr,puri1262,18,12,6,NA
1972,rkb,rikb1245,28,14,14,NA
1973,suy,suya1243,28,13,15,NA
1974,suy,suya1243,31,15,16,NA
1975,umo,umot1240,20,12,8,NA
1976,xav,xava1240,24,11,13,NA
1977,xer,xere1240,27,13,14,NA
1978,xok,xokl1240,37,19,18,NA
1979,fun,fuln1247,33,21,12,NA
1980,zkp,saop1235,27,13,14,NA
1981,crq,iyow1239,21,16,5,NA
1982,mca,maca1260,32,22,10,NA
1983,cag,niva1238,28,22,6,NA
1984,mtp,wich1262,28,23,5,NA
1985,caw,call1235,32,26,6,NA
1986,cas,mose1249,39,23,16,NA
1987,cas,mose1249,41,23,18,NA
1988,cas,mose1249,41,23,18,NA
1989,myp,pira1253,11,8,3,NA
1990,kwa,daww1239,39,24,15,NA
1991,jup,hupd1244,34,19,15,NA
1992,mbj,nade1244,34,17,17,NA
1993,yab,yuhu1238,35,20,15,NA
1994,nab,khit1238,31,13,18,NA
1995,ltn,latu1238,28,12,16,NA
1996,wmd,mama1278,34,14,20,NA
1997,sae,saba1268,16,11,5,NA
1998,amc,amah1246,23,15,8,NA
1999,mcd,shar1245,22,14,8,NA
2000,kaq,capa1241,24,16,8,NA
2001,cbr,cash1251,21,15,6,NA
2002,cao,chac1251,20,16,4,NA
2003,cbs,cash1254,23,15,8,NA
2004,knt,pano1254,19,15,4,NA
2005,ktx,kaxa1239,20,15,5,NA
2006,xor,koru1247,20,14,6,NA
2007,mpq,mati1255,21,15,6,NA
2008,mcf,mats1244,21,15,6,NA
2009,nuc,nuku1263,20,14,6,NA
2010,pno,pano1255,18,14,4,NA
2011,pyn,poya1241,21,14,7,NA
2012,sya,sian1254,17,13,4,NA
2013,sha,shal1242,18,14,4,NA
2014,mcd,shar1245,23,15,8,NA
2015,shp,ship1255,24,16,8,NA
2016,yaa,yami1256,22,14,8,NA
2017,ywn,yawa1260,19,15,4,NA
2018,mts,yora1241,22,14,8,NA
2019,yad,yagu1244,23,11,12,NA
2020,yme,yame1242,18,10,8,NA
2021,qwa,coro1247,24,18,6,NA
2022,qvc,caja1238,22,19,3,NA
2023,quk,chac1250,18,15,3,NA
2024,quz,cusc1236,31,26,5,NA
2025,quf,lamb1276,19,16,3,NA
2026,qvi,imba1240,20,17,3,NA
2027,inb,inga1252,22,19,3,NA
2028,inj,jung1240,16,13,3,NA
2029,qxw,jauj1238,22,16,6,NA
2030,qvn,nort2980,25,19,6,NA
2031,qvn,nort2980,25,19,6,NA
2032,quy,ayac1239,17,14,3,NA
2033,qul,nort2976,28,25,3,NA
2034,qub,hual1241,22,16,6,NA
2035,qxn,nort2979,23,17,6,NA
2036,qvs,sanm1289,18,15,3,NA
2037,qvn,nort2980,22,19,3,NA
2038,qus,sant1432,25,20,5,NA
2039,qvo,napo1242,23,20,3,NA
2040,qxl,sala1272,26,23,3,NA
2041,quw,tena1240,24,21,3,NA
2042,pid,piar1243,30,23,7,NA
2043,slc,sali1298,30,20,10,NA
2044,aro,arao1248,23,19,4,NA
2045,cav,cavi1250,24,20,4,NA
2046,ese,esee1248,21,17,4,NA
2047,ese,esee1248,22,18,4,NA
2048,rey,reye1240,22,18,4,NA
2049,tna,taca1256,22,18,4,NA
2050,bsn,bara1380,17,11,6,NA
2051,cub,cube1242,17,11,6,NA
2052,des,desa1247,18,12,6,NA
2053,gvc,guan1269,28,16,12,NA
2054,cbc,cara1272,23,11,12,NA
2055,coe,kore1283,30,18,12,NA
2056,myy,macu1260,22,10,12,NA
2057,ore,orej1242,20,14,6,NA
2058,pir,pira1254,24,12,12,NA
2059,sey,seco1241,26,14,12,NA
2060,snn,sion1247,30,18,12,NA
2061,sri,siri1274,23,11,12,NA
2062,tnc,tani1257,21,11,10,NA
2063,tav,tatu1247,17,11,6,NA
2064,tuo,tuca1252,27,15,12,NA
2065,tue,tuyu1244,23,11,12,NA
2066,bao,waim1255,22,10,12,NA
2067,yui,yuru1263,17,11,6,NA
2068,guq,ache1246,34,22,12,NA
2069,aqz,akun1241,22,11,11,NA
2070,adw,amun1246,26,14,12,NA
2071,api,apia1248,22,12,10,NA
2072,awt,araw1273,21,12,9,NA
2073,asn,xing1248,27,16,11,NA
2074,asu,toca1235,16,11,5,NA
2075,avv,avac1239,24,12,12,NA
2076,awe,awet1244,26,14,12,NA
2077,gui,east2555,24,12,12,NA
2078,gui,east2555,24,12,12,NA
2079,eme,emer1243,30,16,14,NA
2080,gvo,gavi1246,29,19,10,NA
2081,gvj,guaj1256,24,12,12,NA
2082,gub,guaj1255,22,15,7,NA
2083,gun,mbya1239,26,14,12,NA
2084,gug,para1311,30,18,12,NA
2085,gyr,guar1292,26,14,12,NA
2086,jua,juma1249,24,12,12,NA
2087,jur,juru1256,28,18,10,NA
2088,urb,urub1250,26,15,11,NA
2089,kgk,kaiw1246,26,14,12,NA
2090,kay,kama1373,26,14,12,NA
2091,ktn,kari1311,31,11,20,NA
2092,arr,karo1306,25,14,11,NA
2093,kyz,kaya1329,26,14,12,NA
2094,kyr,kuru1309,28,18,10,NA
2095,mpu,maku1278,20,10,10,NA
2096,myu,mund1330,37,17,20,NA
2097,yrl,nhen1239,23,19,4,NA
2098,omg,omag1248,18,13,5,NA
2099,pta,pait1247,27,15,12,NA
2100,pak,para1312,17,12,5,NA
2101,skf,saki1248,26,16,10,NA
2102,mav,sate1243,27,12,15,NA
2103,sru,suru1262,29,19,10,NA
2104,tpj,tapi1253,27,15,12,NA
2105,taf,tapi1254,23,13,10,NA
2106,tqb,temb1276,21,14,7,NA
2107,pah,tenh1241,26,14,12,NA
2108,tpr,tupa1250,29,14,15,NA
2109,tpn,tupi1273,25,13,12,NA
2110,urz,urue1240,26,14,12,NA
2111,oym,waya1270,25,14,11,NA
2112,oym,waya1270,26,14,12,NA
2113,xet,xeta1241,24,13,11,NA
2114,xiy,xipa1240,23,14,9,NA
2115,pto,zoee1240,26,14,12,NA
2116,srq,siri1273,30,18,12,NA
2117,yuq,yuqu1240,40,20,20,NA
2118,tba,aika1237,25,15,10,NA
2119,axg,mato1253,33,19,14,NA
2120,yau,yuwa1244,35,21,14,NA
2121,kxo,kano1245,26,12,14,NA
2122,kzw,kari1255,21,14,7,NA
2123,kuz,kunz1244,33,23,10,NA
2124,xwa,kwaz1243,35,19,16,NA
2125,yae,pume1238,38,23,15,NA
2126,cap,chip1262,51,41,10,NA
2127,ure,uruu1244,33,23,10,NA
2128,hto,mini1256,24,18,6,NA
2129,huu,muru1274,20,14,6,NA
2130,noj,nonu1241,26,20,6,NA
2131,oca,ocai1244,35,26,9,NA
2132,shb,nina1238,18,12,6,NA
2133,xsu,sanu1240,24,11,13,NA
2134,wca,yano1262,20,13,7,NA
2135,guu,yano1261,19,12,7,NA
2136,ceg,cham1315,37,21,16,NA
2137,ayo,ayor1240,30,20,10,NA
2138,anb,ando1255,25,15,10,NA
2139,arl,arab1268,29,19,10,NA
2140,iqu,iqui1243,19,11,8,NA
2141,zro,zapa1253,22,14,8,NA
2142,nhd,chir1286,29,17,12,NA
2143,,pisa1245,17,11,6,NA
2144,alc,qawa1238,24,18,6,NA
2145,ayr,cent2142,31,28,3,NA
2146,wca,yano1262,33,12,21,NA
2147,wca,yano1262,34,13,21,NA
2148,xsu,sanu1240,31,10,21,NA
2149,guu,yano1261,32,11,21,NA
2150,wca,yano1262,29,11,18,NA
2151,guu,yano1261,33,12,21,NA
2152,pcp,paca1246,20,16,4,NA
2153,yup,yukp1241,21,15,6,NA
2154,yup,yukp1241,18,12,6,NA
2155,trn,trin1274,30,18,12,NA
2156,amh,amha1245,68,61,7,0
2157,arb,stan1318,37,29,8,0
2158,aer,east2379,31,27,4,0
2159,asm,assa1263,33,23,10,0
2160,bcj,bard1255,25,18,7,0
2161,eus,basq1248,35,23,10,2
2162,ben,beng1280,72,49,23,0
2163,bul,bulg1262,30,23,7,0
2164,mya,nucl1310,56,33,19,4
2165,hak,hakk1236,47,26,16,5
2166,yue,yuec1235,48,21,21,6
2167,dan,dani1285,69,20,49,0
2168,dik,sout2832,63,20,39,4
2169,nld,dutc1256,37,22,15,0
2170,nld,dutc1256,56,22,33,1
2171,nld,dutc1256,51,25,25,1
2172,nld,dutc1256,54,24,30,0
2173,nld,dutc1256,58,22,36,0
2174,nld,dutc1256,57,24,33,0
2175,eng,stan1293,39,24,15,0
2176,eng,stan1293,39,24,15,0
2177,eng,stan1293,44,25,19,0
2178,eng,stan1293,41,24,16,1
2179,eng,stan1293,45,24,21,0
2180,eng,stan1293,39,24,15,0
2181,ekk,esto1258,54,45,9,0
2182,fra,stan1290,36,21,15,0
2183,kat,nucl1302,33,28,5,0
2184,deu,stan1295,40,21,19,0
2185,gsw,swis1247,56,27,29,0
2186,ell,mode1248,41,36,5,0
2187,ell,mode1248,23,18,5,0
2188,hau,haus1257,46,32,10,4
2189,heb,hebr1245,27,22,5,0
2190,hin,hind1269,74,63,11,0
2191,hun,hung1274,64,50,14,0
2192,ibo,nucl1417,35,24,8,3
2193,gle,iris1253,50,35,15,0
2194,lad,ladi1251,34,20,14,0
2195,ita,ital1282,70,39,31,0
2196,jpn,nucl1643,21,16,5,0
2197,kor,kore1280,48,20,28,0
2198,kun,kuna1268,34,23,8,3
2199,ers,ersu1241,61,51,8,2
2200,ltz,luxe1241,46,24,22,0
2201,mhe,besi1244,58,30,28,0
2202,mkv,mafe1237,24,19,5,0
2203,nrb,nara1262,59,43,10,6
2204,npi,nepa1254,74,53,21,0
2205,pes,west2369,29,23,6,0
2206,por,port1283,47,19,28,0
2207,por,port1283,47,20,27,0
2208,sml,cent2092,36,30,6,0
2209,slk,slov1269,44,29,15,0
2210,spa,stan1288,38,18,20,0
2211,nsm,sumi1235,41,32,6,3
2212,tsg,taus1251,23,20,3,0
2213,tem,timn1235,36,19,15,2
2214,ttr,tera1251,53,35,15,3
2215,tha,thai1261,47,21,21,5
2216,trq,sanm1298,48,31,8,9
2217,tur,nucl1301,36,24,12,0
2218,zai,isth1244,32,22,7,3
2219,bhh,bukh1238,29,23,6,0
2220,ker,kera1255,30,24,6,0
2221,zum,kumz1235,35,27,8,0
2222,coa,coco1260,27,19,8,0
2223,zsm,stan1306,30,24,6,0
2224,pdt,plau1238,55,28,27,0
2225,kxd,keda1250,22,18,4,0
2226,pjt,pitj1243,25,17,8,0
2227,psi,sout2672,40,29,11,0
2228,rmy,vlax1238,39,27,12,0
2229,shi,tach1250,74,71,3,0
2230,sxg,shix1238,66,51,13,2
2231,sxg,shix1238,67,51,14,2
2232,sxu,uppe1400,35,16,19,0
2233,vie,viet1252,45,21,16,8
2234,sje,pite1240,52,43,9,0
2235,sme,nort2671,74,63,11,0
2236,byw,belh1239,36,28,8,0
2237,huz,hunz1247,60,36,24,0
2238,evn,even1259,29,18,11,0
2239,hnj,hmon1264,61,48,13,0
2240,udm,udmu1245,36,29,7,0
2241,mhr,east2328,27,19,8,0
2242,yuy,east2337,42,28,14,0
2243,mdf,moks1248,40,33,7,0
2244,lit,lith1251,60,45,15,0
2245,mdf,moks1248,41,35,6,0
2246,lao,laoo1244,42,21,21,0
2247,rjs,rajb1243,43,34,9,0
2248,ekk,esto1258,26,17,9,0
2249,bqi,bakh1245,36,24,12,0
2250,ckb,cent1972,39,31,8,0
2251,inh,ingu1240,69,52,17,0
2252,eng,stan1293,44,24,20,0
2253,duo,dupa1235,21,15,6,0
2254,lzz,lazz1240,38,33,5,0
2255,dlg,dolg1241,42,22,20,0
2256,drh,dark1243,39,20,19,0
2257,jya,jiar1240,63,52,11,0
2258,jun,juan1238,37,19,18,0
2259,azb,sout2697,33,24,9,0
2260,sjd,kild1236,128,113,15,0
2261,rus,russ1263,42,36,6,0
2262,gle,iris1253,49,35,14,0
2263,loy,lowa1242,43,35,8,0
2264,sbu,stod1241,41,35,6,0
2265,dan,dani1285,26,15,11,0
2266,tgk,taji1245,29,23,6,0
2267,nru,yong1270,47,37,10,0
2268,udm,bese1243,33,25,8,0
2269,fra,stan1290,34,20,14,0
2270,isk,ishk1246,39,32,7,0
2271,kca,khan1273,25,16,9,0
2272,gsw,swis1247,55,26,29,0
2273,mrj,west2392,34,24,10,0
2274,ces,czec1258,40,27,13,0
2275,mlt,malt1254,35,24,11,0
2276,che,chec1245,67,39,28,0
2277,kan,nucl1305,44,34,10,0
2278,mwl,mira1251,49,22,27,0
2279,kca,khan1273,26,16,10,0
2280,tsj,tsha1245,39,32,7,0
2281,,,45,37,8,0
2282,lit,lith1251,59,45,14,0
2283,oss,osse1243,39,32,7,0
2284,jdt,jude1256,31,23,8,0
2285,lad,ladi1251,25,20,5,0
2286,ykg,nort2745,39,20,19,0
2287,kor,kore1280,38,21,17,0
2288,eve,even1260,36,18,18,0
2289,mnj,munj1244,44,35,9,0
2290,brh,brah1256,43,26,17,0
2291,ynk,nauk1242,22,18,4,0
2292,evn,even1259,25,17,8,0
2293,kxv,kuvi1243,37,22,15,0
2294,ths,thak1245,29,19,10,0
2295,unr,mund1320,28,23,5,0
2296,azj,nort2697,39,24,15,0
2297,itl,itel1242,32,27,5,0
2298,jih,puxi1242,66,36,30,0
2299,byh,bujh1238,47,31,16,0
2300,lzz,lazz1240,34,29,5,0
2301,kxs,kang1281,36,27,9,0
2302,mai,mait1250,51,26,25,0
2303,spa,stan1288,45,19,26,0
2304,roh,roma1326,46,27,19,0
2305,bfw,bond1245,42,21,21,0
2306,bft,balt1258,40,35,5,0
2307,xsr,sher1255,50,34,16,0
2308,spa,stan1288,25,18,7,0
2309,yue,yuec1235,41,19,22,0
2310,kbd,kaba1278,55,47,8,0
2311,lez,lezg1247,47,38,9,0
2312,dta,daur1238,57,45,12,0
2313,hut,huml1238,69,41,28,0
2314,tts,nort2741,32,20,12,0
2315,div,dhiv1236,39,27,12,0
2316,lit,lith1251,40,26,14,0
2317,bxr,russ1264,45,27,18,0
2318,kaa,kara1467,38,25,13,0
2319,lhu,lahu1253,46,24,22,0
2320,lao,laoo1244,33,21,12,0
2321,pbu,nort2646,33,22,11,0
2322,pst,cent1973,31,25,6,0
2323,hak,hakk1236,39,23,16,0
2324,oss,osse1243,47,40,7,0
2325,lij,ligu1248,45,24,21,0
2326,vot,voti1245,55,35,20,0
2327,khg,kham1282,62,44,18,0
2328,khg,kham1282,61,40,21,0
2329,ddo,dido1241,42,36,6,0
2330,wym,wymy1235,35,20,15,0
2331,gag,gaga1249,46,28,18,0
2332,pbu,nort2647,36,25,11,0
2333,sou,sout2746,35,21,14,0
2334,fur,friu1240,39,25,14,0
2335,lbe,lakk1252,68,58,10,0
2336,xug,kuni1268,25,20,5,0
2337,ltz,luxe1241,48,26,22,0
2338,mya,nucl1310,54,33,21,0
2339,mjt,saur1249,34,24,10,0
2340,eus,basq1248,30,23,7,0
2341,lzz,lazz1240,38,33,5,0
2342,npi,nepa1254,44,29,15,0
2343,rue,rusy1239,44,37,7,0
2344,gvr,guru1261,49,29,20,0
2345,bgn,west2368,44,24,20,0
2346,bqh,baim1244,66,40,26,0
2347,mhe,besi1244,58,30,28,0
2348,bgn,west2368,34,24,10,0
2349,ady,adyg1241,59,56,3,0
2350,dka,dakp1242,53,34,19,0
2351,oss,osse1243,44,37,7,0
2352,,lizu1234,58,50,8,0
2353,udm,udmu1245,36,28,8,0
2354,xub,bett1235,37,22,15,0
2355,kum,kumy1244,31,23,8,0
2356,chx,chan1310,48,21,27,0
2357,bho,bhoj1244,51,35,16,0
2358,aln,gheg1238,43,27,16,0
2359,hoc,hooo1248,35,22,13,0
2360,raw,rawa1265,34,20,14,0
2361,skb,saek1240,44,23,21,0
2362,ckt,chuk1273,20,14,6,0
2363,mkd,mace1250,32,26,6,0
2364,pcj,pare1266,26,16,10,0
2365,tsg,taus1251,23,20,3,0
2366,lbj,lada1244,38,33,5,0
2367,shn,shan1277,34,24,10,0
2368,bul,bulg1262,43,37,6,0
2369,spt,spit1240,40,33,7,0
2370,niv,gily1242,34,28,6,0
2371,lzz,lazz1240,38,33,5,0
2372,atv,nort2686,34,18,16,0
2373,tay,atay1247,24,18,6,0
2374,khb,luuu1242,39,21,18,0
2375,arg,arag1245,27,20,7,0
2376,kca,khan1273,36,26,10,0
2377,brh,brah1256,43,26,17,0
2378,fao,faro1244,36,16,20,0
2379,dzl,dzal1238,59,37,22,0
2380,bod,tibe1272,50,27,23,0
2381,eus,basq1250,43,29,14,0
2382,kir,kirg1245,37,21,16,0
2383,drd,darm1243,34,26,8,0
2384,kom,komi1277,37,29,8,0
2385,lao,laoo1244,33,21,12,0
2386,puo,puoc1238,38,20,18,0
2387,tel,telu1262,44,33,11,0
2388,,east2773,36,24,12,0
2389,oss,osse1243,47,40,7,0
2390,bbl,bats1242,51,33,18,0
2391,scp,hela1238,46,36,10,0
2392,sva,svan1243,47,30,17,0
2393,kgy,kyer1238,63,40,23,0
2394,dzo,dzon1239,58,32,26,0
2395,ket,kett1243,25,14,11,0
2396,vay,wayu1241,54,26,28,0
2397,pwn,paiw1248,25,21,4,0
2398,deu,stan1295,40,24,16,0
2399,ydd,east2295,37,24,13,0
2400,udm,udmu1245,37,28,9,0
2401,kbd,kaba1278,63,55,8,0
2402,yrk,nene1249,35,27,8,0
2403,kdr,kara1464,37,29,8,0
2404,vav,varl1238,46,28,18,0
2405,nld,dutc1256,43,18,25,0
2406,cym,wels1247,48,29,19,0
2407,jya,japh1234,58,50,8,0
2408,oss,osse1243,47,40,7,0
2409,xmf,ming1252,36,31,5,0
2410,lzz,lazz1240,36,29,7,0
2411,bod,tibe1272,42,29,13,0
2412,alr,alut1245,27,18,9,0
2413,mhr,east2328,31,22,9,0
2414,tts,nort2741,32,20,12,0
2415,sip,sikk1242,65,37,28,0
2416,tur,nucl1301,38,23,15,0
2417,xmf,ming1252,37,31,6,0
2418,yai,yagn1238,36,27,9,0
2419,eus,basq1248,36,24,12,0
2420,,zhon1235,68,59,9,0
2421,bod,tibe1272,41,27,14,0
2422,tts,nort2741,32,20,12,0
2423,shn,shan1277,32,22,10,0
2424,oss,osse1243,47,40,7,0
2425,cat,stan1289,34,25,9,0
2426,nyw,nyaw1245,31,20,11,0
2427,ita,ital1282,30,23,7,0
2428,kat,nucl1302,33,28,5,0
2429,cng,nort2722,73,39,34,0
2430,ceb,cebu1242,19,16,3,0
2431,pst,cent1973,30,24,6,0
2432,oss,osse1243,40,33,7,0
2433,kjh,khak1248,39,23,16,0
2434,,vach1239,30,18,12,0
2435,gaq,gata1239,40,23,17,0
2436,xmf,ming1252,35,30,5,0
2437,snd,sind1272,56,46,10,0
2438,aae,arbe1236,36,30,6,0
2439,xkz,kurt1248,45,31,14,0
2440,kpt,kara1474,53,45,8,0
2441,nor,norw1258,40,24,16,0
2442,vro,sout2679,44,26,18,0
2443,ron,roma1327,51,40,11,0
2444,sah,yaku1245,40,20,20,0
2445,kfb,nort2699,26,16,10,0
2446,krl,kare1335,30,16,14,0
2447,slk,slov1269,45,30,15,0
2448,liv,livv1244,31,23,8,0
2449,heb,hebr1245,25,20,5,0
2450,,fore1274,38,25,13,0
2451,taj,east2347,47,19,28,0
2452,guj,guja1252,58,31,27,0
2453,mvi,miya1259,19,14,5,0
2454,mag,maga1260,50,34,16,0
2455,slv,slov1268,35,22,13,0
2456,prx,puri1258,37,31,6,0
2457,cmn,mand1415,46,25,21,0
2458,ell,mode1248,29,24,5,0
2459,xas,kama1351,37,26,11,0
2460,kpv,komi1268,37,30,7,0
2461,nio,ngan1291,30,20,10,0
2462,vie,viet1252,37,21,16,0
2463,dhi,dhim1246,53,31,22,0
2464,mon,mong1331,46,32,14,0
2465,ani,andi1255,68,63,5,0
2466,urd,urdu1245,58,37,21,0
2467,ava,avar1256,64,59,5,0
2468,abk,abkh1244,62,59,3,0
2469,enf,fore1265,33,25,8,0
2470,fry,west2354,51,19,32,0
2471,tyr,taid1249,35,20,15,0
2472,sou,sout2746,35,22,13,0
2473,ovd,elfd1234,87,37,50,0
2474,cde,chen1255,70,46,24,0
2475,mns,mans1258,31,20,11,0
2476,oss,osse1243,44,37,7,0
2477,sce,dong1285,34,28,6,0
2478,oci,occi1239,58,27,31,0
2479,pan,panj1256,44,27,17,0
2480,ces,czec1258,40,27,13,0
2481,knd,kond1303,33,23,10,0
2482,yrk,nene1249,35,26,9,0
2483,iii,sich1238,74,58,16,0
2484,kmr,nort2641,38,30,8,0
2485,sel,selk1253,41,16,25,0
2486,cng,nort2722,63,39,24,0
2487,aae,arbe1236,37,30,7,0
2488,lit,lith1251,57,45,12,0
2489,khg,kham1282,96,60,36,0
2490,vep,veps1250,44,34,10,0
2491,tvn,merg1238,48,27,21,0
2492,tts,nort2741,32,19,13,0
2493,lvs,stan1325,42,26,16,0
2494,sjt,ters1235,69,51,18,0
2495,ory,oriy1255,42,31,11,0
2496,tts,nort2741,33,21,12,0
2497,sje,pite1240,54,45,9,0
2498,bgp,east2304,54,35,19,0
2499,srp,serb1264,34,24,10,0
2500,bak,bash1264,39,28,11,0
2501,mjg,tuuu1240,35,25,10,0
2502,scu,shum1243,50,44,6,0
2503,ukr,ukra1253,41,35,6,0
2504,loy,lowa1242,42,35,7,0
2505,sco,scot1243,37,24,13,0
2506,mhr,east2328,31,21,10,0
2507,shn,shan1277,33,23,10,0
2508,snd,sind1272,64,47,17,0
2509,oss,osse1243,43,36,7,0
2510,gdq,mehr1241,45,31,14,0
2511,khr,khar1287,39,34,5,0
2512,che,chec1245,64,39,25,0
2513,tgl,taga1270,26,21,5,0
2514,wbl,wakh1245,50,38,12,0
2515,eng,stan1293,40,24,16,0
2516,ast,astu1245,26,19,7,0
2517,pht,phut1244,30,21,9,0
2518,nod,nort2740,33,21,12,0
2519,khg,kham1282,133,100,33,0
2520,pes,west2369,29,23,6,0
2521,gle,iris1253,52,34,18,0
2522,xsr,sher1255,47,34,13,0
2523,slr,sala1264,43,31,12,0
2524,lez,lezg1247,96,88,8,0
2525,khg,kham1282,77,56,21,0
2526,srb,sora1254,26,18,8,0
2527,ola,walu1241,46,32,14,0
2528,kfq,kork1243,41,31,10,0
2529,pam,pamp1243,22,17,5,0
2530,rmt,doma1258,45,33,12,0
2531,pht,phut1244,29,20,9,0
2532,mhr,east2328,30,21,9,0
2533,ers,ersu1241,60,54,6,0
2534,adx,amdo1237,59,53,6,0
2535,fin,finn1318,23,15,8,0
2536,udm,udmu1245,33,23,10,0
2537,tks,khal1271,37,23,14,0
2538,mut,west2408,26,21,5,0
2539,sxg,shix1238,88,51,37,0
2540,kim,kara1462,67,28,39,0
2541,hsb,uppe1395,42,33,9,0
2542,hin,hind1269,55,34,21,0
2543,gdb,pott1240,39,19,20,0
2544,,nucl1729,53,37,16,0
2545,bcc,sout2642,32,24,8,0
2546,sro,camp1261,58,44,14,0
2547,tcy,tulu1258,35,21,14,0
2548,acn,acha1249,59,36,23,0
2549,che,chec1245,70,39,31,0
2550,sat,sant1410,57,26,31,0
2551,shn,shan1277,31,21,10,0
2552,abk,abkh1244,70,67,3,0
2553,adx,amdo1237,58,48,10,0
2554,swe,swed1254,35,18,17,0
2555,cat,stan1289,35,25,10,0
2556,mjg,tuuu1240,31,25,6,0
2557,hun,hung1274,39,25,14,0
2558,bod,tibe1272,56,27,29,0
2559,mal,mala1464,53,38,15,0
2560,yix,axiy1235,52,38,14,0
2561,bsk,buru1296,48,38,10,0
2562,cdo,mind1253,35,15,20,0
2563,tea,temi1246,49,19,30,0
2564,sxu,uppe1400,35,15,20,0
2565,gdo,ghod1238,66,53,13,0
2566,sms,skol1241,75,51,24,0
2567,jah,jahh1242,52,22,30,0
2568,isl,icel1247,45,30,15,0
2569,rmy,vlax1238,34,27,7,0
2570,ude,udih1248,40,19,21,0
2571,ast,astu1245,27,20,7,0
2572,tdd,tain1252,29,19,10,0
2573,sou,sout2746,32,20,12,0
2574,che,chec1245,64,39,25,0
2575,koi,komi1269,37,30,7,0
2576,gbj,bodo1267,36,17,19,0
2577,bsk,buru1296,59,38,21,0
2578,lis,lisu1250,42,32,10,0
2579,tyv,tuvi1240,52,28,24,0
2580,kpt,kara1474,56,46,10,0
2581,mrj,west2392,33,23,10,0
2582,tyj,taid1248,34,21,13,0
2583,eus,basq1248,30,23,7,0
2584,bre,bret1244,66,32,34,0
2585,pmj,sout2729,60,43,17,0
2586,pbt,sout2436,33,26,7,0
2587,khg,kham1282,64,49,15,0
2588,peh,bona1250,36,25,11,0
2589,wne,wane1241,30,23,7,0
2590,oss,digo1242,42,36,6,0
2591,khg,kham1282,78,49,29,0
2592,als,tosk1239,38,29,9,0
2593,ltg,east2282,55,38,17,0
2594,cat,stan1289,35,25,10,0
2595,tuk,turk1304,37,21,16,0
2596,nrf,jerr1238,55,23,32,0
2597,khm,cent1989,46,17,29,0
2598,asm,assa1263,36,22,14,0
2599,xal,kalm1243,39,23,16,0
2600,khg,kham1282,51,44,7,0
2601,gla,scot1245,82,33,49,0
2602,dsb,lowe1385,42,35,7,0
2603,yrk,nene1249,33,24,9,0
2604,pol,poli1260,35,27,8,0
2605,swi,suii1243,61,46,15,0
2606,ilo,ilok1237,25,19,6,0
2607,ars,najd1235,33,25,8,0
2608,ahk,akha1245,57,34,23,0
2609,tat,tata1255,43,29,14,0
2610,kbd,kaba1278,51,44,7,0
2611,tam,tami1289,36,24,12,0
2612,uig,uigh1240,43,28,15,0
2613,bsk,buru1296,48,38,10,0
2614,adx,amdo1237,49,43,6,0
2615,eus,basq1248,28,21,7,0
2616,myv,erzy1239,35,29,6,0
2617,npa,narp1239,49,25,24,0
2618,bgn,west2368,33,23,10,0
2619,glg,gali1258,30,23,7,0
2620,nmm,mana1288,41,30,11,0
2621,shv,sheh1240,38,30,8,0
2622,bgn,west2368,33,24,9,0
2623,por,port1283,41,21,20,0
2624,ben,beng1280,47,30,17,0
2625,yux,sout2750,36,20,16,0
2626,oss,osse1243,46,39,7,0
2627,pbv,pnar1238,39,24,15,0
2628,nyw,nyaw1245,31,19,12,0
2629,bvr,bura1267,26,21,5,0
2630,bck,buna1275,24,20,4,0
2631,gni,goon1238,23,19,4,0
2632,zml,madn1237,22,17,5,0
2633,mpb,mull1237,19,14,5,0
2634,mwf,murr1259,28,24,4,0
2635,nam,nang1259,23,19,4,0
2636,wdj,wadj1254,22,17,5,0
2637,zmm,mari1417,20,16,4,0
2638,zmt,mari1419,32,28,4,0
2639,mfr,mari1424,24,20,4,0
2640,zmg,mart1254,31,27,4,0
2641,amy,amii1238,32,27,5,0
2642,lrg,lara1258,24,18,6,0
2643,lmc,nucl1327,25,22,3,0
2644,umr,umbu1235,25,17,8,0
2645,wrk,gara1269,17,14,3,0
2646,wny,wany1247,20,14,6,0
2647,wrk,gara1269,17,14,3,0
2648,err,erre1238,23,18,5,0
2649,zme,mang1382,23,18,5,0
2650,urc,urni1239,23,18,5,0
2651,aoi,anin1240,26,22,4,0
2652,ngk,ngal1292,29,23,6,0
2653,gbu,gaga1251,27,17,10,0
2654,nig,ngal1293,27,22,5,0
2655,nid,ngan1295,35,26,9,0
2656,gup,gund1246,27,22,5,0
2657,gup,gund1246,27,22,5,0
2658,gup,gune1238,28,22,6,0
2659,gup,mura1269,27,22,5,0
2660,gup,guma1252,27,22,5,0
2661,gup,naia1238,27,22,5,0
2662,djn,djau1244,27,22,5,0
2663,rmb,remb1249,28,22,6,0
2664,wrz,wara1290,21,16,5,0
2665,nuy,nung1290,25,19,6,0
2666,amg,amar1271,24,21,3,0
2667,mhg,marg1251,26,23,3,0
2668,wur,wurr1238,23,20,3,0
2669,mph,maun1240,22,17,5,0
2670,ilg,gari1254,24,21,3,0
2671,ilg,ilga1238,24,21,3,0
2672,ibd,iwai1244,23,20,3,0
2673,mep,miri1266,20,16,4,0
2674,gia,kitj1240,24,19,5,0
2675,ggk,kung1259,22,17,5,0
2676,djj,djee1236,21,16,5,0
2677,gge,gura1252,27,22,5,0
2678,nck,naka1260,25,20,5,0
2679,mec,mara1385,23,19,4,0
2680,wnd,wand1263,20,17,3,0
2681,alh,alaw1244,26,22,4,0
2682,mpc,mang1381,22,17,5,0
2683,djd,djam1255,22,18,4,0
2684,djd,ngal1294,21,17,4,0
2685,nug,nung1291,17,14,3,0
2686,nji,ngar1283,21,17,4,0
2687,jig,djin1251,20,17,3,0
2688,wmb,binb1242,23,17,6,0
2689,wmb,guda1243,19,16,3,0
2690,wmb,wamb1258,23,17,6,0
2691,,mink1237,23,20,3,0
2692,,ngum1253,20,17,3,0
2693,nyh,nyig1240,20,17,3,0
2694,wwr,warr1258,20,17,3,0
2695,dyd,dyug1238,28,22,6,0
2696,ywr,yawu1244,28,22,6,0
2697,bcj,bard1255,24,17,7,0
2698,nmp,nima1245,23,17,6,0
2699,dyb,dyab1238,20,17,3,0
2700,djw,djaw1238,20,17,3,0
2701,nyv,nyul1247,20,17,3,0
2702,aly,alya1239,43,40,3,0
2703,amx,east2380,44,40,4,0
2704,amx,west2442,44,40,4,0
2705,adg,ande1247,44,40,4,0
2706,aer,mpar1238,44,40,4,0
2707,axe,ayer1246,43,39,4,0
2708,aer,east2379,44,40,4,0
2709,axl,lowe1436,44,40,4,0
2710,are,west2441,44,40,4,0
2711,gbb,kayt1238,43,40,3,0
2712,xjb,yugu1249,20,12,8,0
2713,gih,gida1240,21,13,8,0
2714,,guwa1244,19,13,6,0
2715,xjb,minj1242,20,12,8,0
2716,bdy,waal1238,20,12,8,0
2717,xbg,bung1264,23,20,3,0
2718,,warr1257,26,20,6,0
2719,kld,gami1243,21,15,6,0
2720,zmu,muru1266,25,19,6,0
2721,wyb,wang1291,21,15,6,0
2722,wyb,wayi1238,21,15,6,0
2723,wrh,wira1262,21,15,6,0
2724,kld,wirr1237,21,15,6,0
2725,kld,yuwa1242,21,15,6,0
2726,kld,yuwa1243,21,15,6,0
2727,,dhud1236,21,15,6,0
2728,jan,jand1248,19,13,6,0
2729,,,19,13,6,0
2730,yxg,yaga1262,19,13,6,0
2731,yxg,yaga1262,19,13,6,0
2732,dbl,dyir1250,16,13,3,0
2733,wgy,warr1255,19,13,6,0
2734,kgs,kumb1268,19,13,6,0
2735,kgs,kumb1268,19,13,6,0
2736,xya,yayg1236,20,14,6,0
2737,xgw,guwa1242,23,20,3,0
2738,yda,yand1251,24,21,3,0
2739,ktg,kalk1246,26,20,6,0
2740,ylr,yala1262,24,20,4,0
2741,bxj,bayu1240,26,20,6,0
2742,bxn,burd1238,26,20,6,0
2743,dhl,dhal1245,26,20,6,0
2744,dze,djiw1241,26,20,6,0
2745,dhr,dhar1247,31,25,6,0
2746,iin,thii1234,26,20,6,0
2747,wri,wari1262,26,20,6,0
2748,,mith1236,29,26,3,0
2749,dif,dier1241,25,22,3,0
2750,dit,dira1238,25,22,3,0
2751,nmv,kara1508,25,22,3,0
2752,nmv,ngam1284,25,22,3,0
2753,bxi,pirl1238,25,22,3,0
2754,ynd,yand1253,30,26,4,0
2755,hrp,nhir1234,29,26,3,0
2756,yww,yawa1258,30,26,4,0
2757,dif,dier1241,24,21,3,0
2758,xpt,punt1240,21,18,3,0
2759,xwk,wong1246,30,26,4,0
2760,xwk,wong1246,30,26,4,0
2761,ard,arab1267,24,21,3,0
2762,wgg,wang1290,24,21,3,0
2763,pit,pitt1247,26,21,5,0
2764,wnm,wang1289,26,21,5,0
2765,lku,kuun1236,25,19,6,0
2766,xpa,pirr1240,24,19,5,0
2767,gll,kala1380,21,18,3,0
2768,bia,badi1246,23,20,3,0
2769,vml,malg1242,26,20,6,0
2770,nha,nhan1238,33,27,6,0
2771,wbv,waja1257,26,20,6,0
2772,yia,ying1247,26,20,6,0
2773,,cola1237,22,17,5,0
2774,dgw,daun1234,23,20,3,0
2775,wyi,woiw1237,23,20,3,0
2776,wth,wath1238,23,20,3,0
2777,wyi,woiw1237,23,20,3,0
2778,,yari1243,23,20,3,0
2779,llj,ladj1234,21,17,4,0
2780,dmd,madh1244,20,16,4,0
2781,xwd,wadi1260,21,17,4,0
2782,,west2443,21,17,4,0
2783,,djad1246,21,17,4,0
2784,rnr,nari1241,23,18,5,0
2785,tjw,djab1234,21,17,4,0
2786,xww,wemb1241,22,16,6,0
2787,xwt,wotj1234,19,15,4,0
2788,ihw,gana1268,25,17,8,0
2789,unn,gana1278,22,17,5,0
2790,unn,gana1278,22,17,5,0
2791,unn,gana1278,22,17,5,0
2792,,kera1256,23,20,3,0
2793,,lowe1402,23,20,3,0
2794,,ngin1247,23,20,3,0
2795,nay,narr1259,25,20,5,0
2796,xth,yith1234,23,20,3,0
2797,bym,bidy1243,20,16,4,0
2798,gnl,gang1268,18,15,3,0
2799,bzr,biri1256,18,15,3,0
2800,bzr,biri1256,18,15,3,0
2801,gnl,gang1268,18,15,3,0
2802,gnl,gang1268,22,16,6,0
2803,gnl,gang1268,18,15,3,0
2804,bzr,biri1256,18,15,3,0
2805,bzr,biri1256,18,15,3,0
2806,bzr,biri1256,18,15,3,0
2807,bzr,biri1256,18,15,3,0
2808,bzr,biri1256,18,15,3,0
2809,gnl,gang1268,18,15,3,0
2810,bzr,biri1256,18,15,3,0
2811,bzr,biri1256,18,15,3,0
2812,bym,bidy1243,17,14,3,0
2813,xgm,dhar1248,21,18,3,0
2814,gyf,gung1248,20,16,4,0
2815,kgl,kung1258,18,15,3,0
2816,gyy,guny1241,31,25,6,0
2817,zmc,marg1253,31,25,6,0
2818,,gudj1237,18,15,3,0
2819,gdc,gugu1253,17,14,3,0
2820,wrg,waru1264,17,13,4,0
2821,bym,bidy1243,18,15,3,0
2822,bzr,biri1256,18,15,3,0
2823,bym,bidy1243,21,18,3,0
2824,bym,bidy1243,19,16,3,0
2825,gbd,kara1476,21,17,4,0
2826,mem,mang1383,24,17,7,0
2827,nna,nyan1301,21,17,4,0
2828,ggd,guga1239,23,16,7,0
2829,xyk,mayi1236,21,18,3,0
2830,xmy,maya1280,21,18,3,0
2831,nxn,ngaw1240,22,19,3,0
2832,xyj,mayi1235,21,18,3,0
2833,nxn,ngaw1240,21,18,3,0
2834,nxn,ngaw1240,22,19,3,0
2835,kba,kala1379,26,20,6,0
2836,lkm,kala1401,26,20,6,0
2837,nju,ngad1258,26,20,6,0
2838,nju,ngad1258,26,20,6,0
2839,vka,kari1304,23,20,3,0
2840,vku,kurr1243,27,21,6,0
2841,vma,mart1255,26,20,6,0
2842,nlr,ngar1286,23,17,6,0
2843,nrl,ngar1287,23,20,3,0
2844,nhf,nhuw1239,26,20,6,0
2845,nly,nyam1271,23,17,6,0
2846,xny,nija1241,25,20,5,0
2847,xny,nija1241,26,20,6,0
2848,pnw,pany1241,25,20,5,0
2849,yij,yind1247,25,19,6,0
2850,yij,yind1247,26,20,6,0
2851,nbj,bili1250,23,17,6,0
2852,gue,wany1244,21,17,4,0
2853,gue,guri1247,23,17,6,0
2854,ddj,jaru1254,23,17,6,0
2855,gue,maln1239,21,17,4,0
2856,mwd,mudb1240,23,17,6,0
2857,rxd,ngar1288,24,18,6,0
2858,nbj,ngar1235,23,17,6,0
2859,wmt,walm1241,23,17,6,0
2860,wrl,warl1255,28,22,6,0
2861,wbp,warl1254,24,18,6,0
2862,nyt,nyaw1247,18,12,6,0
2863,qgu,wulg1239,21,15,6,0
2864,nys,nyun1247,22,17,5,0
2865,xbp,bibb1234,22,17,5,0
2866,xgg,gore1235,22,17,5,0
2867,nys,kani1276,22,17,5,0
2868,nys,nyun1247,22,17,5,0
2869,pnj,pinj1244,22,17,5,0
2870,wxw,ward1248,22,17,5,0
2871,xwj,waju1234,22,17,5,0
2872,nys,nyun1247,22,17,5,0
2873,nys,nyun1247,22,17,5,0
2874,nys,nyun1247,22,17,5,0
2875,bjd,band1337,26,20,6,0
2876,drl,darl1243,26,20,6,0
2877,,pall1243,25,20,5,0
2878,ikr,ikar1243,23,18,5,0
2879,ikr,ikar1243,27,17,10,0
2880,ggr,aghu1254,27,20,7,0
2881,typ,thay1248,31,23,8,0
2882,,kawa1290,28,23,5,0
2883,,kawa1290,28,23,5,0
2884,,angu1242,36,19,17,0
2885,gvn,kuku1273,16,13,3,0
2886,kky,gugu1255,23,17,6,0
2887,gvn,kuku1273,16,13,3,0
2888,vmu,mulu1243,16,13,3,0
2889,gvn,kuku1273,16,13,3,0
2890,dyy,dyaa1242,19,13,6,0
2891,yii,yidi1250,19,13,6,0
2892,bpt,barr1247,25,17,8,0
2893,djf,djan1238,16,13,3,0
2894,lby,lamu1254,29,26,3,0
2895,zmv,mbar1253,29,24,5,0
2896,wim,wikm1247,26,16,10,0
2897,wig,wikn1245,28,16,12,0
2898,ayd,ayab1239,25,15,10,0
2899,wua,wikn1246,30,20,10,0
2900,kuy,kuuk1238,21,15,6,0
2901,pkn,paka1251,31,21,10,0
2902,ump,umpi1239,22,16,6,0
2903,ayd,ayab1239,26,16,10,0
2904,gko,kokn1236,25,18,7,0
2905,gdj,gurd1238,28,19,9,0
2906,xut,kuth1240,25,17,8,0
2907,,wala1263,28,19,9,0
2908,aid,alng1239,28,24,4,0
2909,dth,arit1239,22,17,5,0
2910,dgt,ndra1239,23,19,4,0
2911,,tyan1235,29,19,10,0
2912,lnj,leni1238,29,24,5,0
2913,,luth1234,22,18,4,0
2914,,mbiy1238,29,23,6,0
2915,xpj,mpal1238,26,22,4,0
2916,,ngko1236,26,19,7,0
2917,amz,atam1239,22,18,4,0
2918,avm,angg1238,24,18,6,0
2919,amz,atam1239,26,18,8,0
2920,,yadh1237,26,18,8,0
2921,,yinw1236,27,23,4,0
2922,kkp,gugu1254,21,15,6,0
2923,thd,thay1249,26,16,10,0
2924,kjn,ulku1238,28,23,5,0
2925,yiy,yiry1245,26,20,6,0
2926,wmi,wami1239,21,15,6,0
2927,mvl,mbar1254,27,17,10,0
2928,vmb,mbab1239,27,15,12,0
2929,umg,umbu1256,32,27,5,0
2930,kjn,oyka1239,28,23,5,0
2931,adt,adny1235,27,24,3,0
2932,zku,kaur1267,25,20,5,0
2933,nnv,nugu1241,28,22,6,0
2934,wiw,wira1260,23,19,4,0
2935,bjb,bang1339,23,20,3,0
2936,nnr,naru1238,27,21,6,0
2937,ktd,koka1244,23,17,6,0
2938,gnr,gure1255,23,13,10,0
2939,gnr,gure1255,23,13,10,0
2940,gbw,kabi1260,24,16,8,0
2941,gbw,gabi1248,19,13,6,0
2942,gbw,kabi1260,23,13,10,0
2943,wkw,duun1241,23,13,10,0
2944,wkw,waka1274,23,13,10,0
2945,wlu,wuli1242,23,13,10,0
2946,,bula1255,32,26,6,0
2947,wga,waga1260,25,19,6,0
2948,wrb,warl1256,33,29,4,0
2949,wga,waga1260,26,20,6,0
2950,jao,yany1243,24,20,4,0
2951,wrm,waru1265,28,22,6,0
2952,mpj,kart1247,24,17,7,0
2953,mpj,many1256,23,17,6,0
2954,mpj,pudi1238,23,20,3,0
2955,mpj,wang1288,23,17,6,0
2956,,yulp1239,23,17,6,0
2957,wbt,wanm1242,23,17,6,0
2958,ant,anta1253,23,17,6,0
2959,kux,kuka1246,23,17,6,0
2960,pjt,pitj1243,23,17,6,0
2961,nrk,ngar1296,23,17,6,0
2962,ntj,ngaa1240,23,17,6,0
2963,piu,pint1250,23,17,6,0
2964,pjt,pitj1243,23,17,6,0
2965,kdd,yank1247,23,17,6,0
2966,mwp,kala1378,24,18,6,0
2967,mwp,kala1377,24,18,6,0
2968,yga,maly1234,27,21,6,0
2969,wdk,wadi1261,27,21,6,0
2970,yxl,yard1234,27,21,6,0
2971,dhg,dhan1270,26,20,6,0
2972,guf,gupa1247,31,25,6,0
2973,dax,dhal1246,26,20,6,0
2974,djr,djam1256,31,25,6,0
2975,gnn,guma1253,31,25,6,0
2976,dji,djin1253,25,22,3,0
2977,djb,djin1252,25,22,3,0
2978,jay,yann1237,31,25,6,0
2979,rit,rita1239,31,25,6,0
2980,xyy,yort1237,20,15,5,0
2981,xyy,yort1237,19,14,5,0
2982,xbe,biga1237,16,13,3,0
2983,yub,yuga1244,16,13,3,0
2984,xda,hawk1239,18,15,3,0
2985,xdk,sydn1236,19,16,3,0
2986,xdk,sydn1236,19,16,3,0
2987,awk,awab1243,16,13,3,0
2988,,west2443,21,17,4,0
2989,kda,wori1245,19,13,6,0
2990,nyx,ngan1296,17,14,3,0
2991,dyn,dyan1250,19,13,6,0
2992,duj,djap1238,25,19,6,0
2993,tbh,thur1254,25,19,6,0
2994,tbh,thur1254,25,19,6,0
2995,dhu,dhur1239,25,19,6,0
2996,xtv,sout2771,25,19,6,0
2997,xrd,gund1248,25,19,6,0
2998,xni,ngar1297,18,15,3,0
2999,,sout2770,25,19,6,0
3000,xtv,sout2771,25,19,6,0
3001,gcd,gang1267,24,18,6,0
3002,gyd,kaya1319,23,17,6,0
3003,lbz,lard1243,25,17,8,0
3004,gyd,kaya1319,24,18,6,0
3005,tiw,tiwi1244,22,18,4,0
3006,waq,wage1238,27,22,5,0
3007,ung,ngar1284,22,17,5,0
3008,gma,gamb1251,25,20,5,0
3009,gww,kwin1241,28,17,11,0
3010,wub,wuna1249,28,17,11,0
3011,xud,umii1236,25,20,5,0
3012,xgu,ungg1243,24,19,5,0
3013,wro,worr1237,25,17,8,0
3014,jbw,yawi1239,25,20,5,0
3015,wrr,ward1246,22,17,5,0
3016,jng,yang1288,22,17,5,0
3017,gwu,guwa1243,21,15,6,0
3018,wbp,west2437,24,18,6,0
3019,weg,werg1234,21,17,4,0
3020,lby,lamu1254,29,26,3,0
